-- phpMyAdmin SQL Dump
-- version 5.2.0
-- https://www.phpmyadmin.net/
--
-- Máy chủ: 127.0.0.1
-- Thời gian đã tạo: Th6 06, 2023 lúc 07:36 PM
-- Phiên bản máy phục vụ: 10.4.27-MariaDB
-- Phiên bản PHP: 8.2.0

SET SQL_MODE = "NO_AUTO_VALUE_ON_ZERO";
START TRANSACTION;
SET time_zone = "+00:00";


/*!40101 SET @OLD_CHARACTER_SET_CLIENT=@@CHARACTER_SET_CLIENT */;
/*!40101 SET @OLD_CHARACTER_SET_RESULTS=@@CHARACTER_SET_RESULTS */;
/*!40101 SET @OLD_COLLATION_CONNECTION=@@COLLATION_CONNECTION */;
/*!40101 SET NAMES utf8mb4 */;

--
-- Cơ sở dữ liệu: `quantriwebsite`
--

-- --------------------------------------------------------

--
-- Cấu trúc bảng cho bảng `giohangnd`
--

CREATE TABLE `giohangnd` (
  `id_giohang` int(11) NOT NULL,
  `id_sanpham` int(11) NOT NULL,
  `tensp` varchar(50) NOT NULL,
  `anhsanpham` int(255) NOT NULL,
  `giasanpham` int(22) NOT NULL
) ENGINE=InnoDB DEFAULT CHARSET=utf8 COLLATE=utf8_unicode_ci;

-- --------------------------------------------------------

--
-- Cấu trúc bảng cho bảng `hangsp`
--

CREATE TABLE `hangsp` (
  `id_hangsp` int(11) NOT NULL,
  `ten_hangsp` text NOT NULL
) ENGINE=InnoDB DEFAULT CHARSET=utf8 COLLATE=utf8_unicode_ci;

--
-- Đang đổ dữ liệu cho bảng `hangsp`
--

INSERT INTO `hangsp` (`id_hangsp`, `ten_hangsp`) VALUES
(1, 'Honda'),
(2, 'Yamaha'),
(3, 'Kawasaki'),
(4, 'Ducati'),
(5, 'Triumph'),
(6, 'Harley-Davidson'),
(7, 'Suzuki'),
(8, 'BMW');

-- --------------------------------------------------------

--
-- Cấu trúc bảng cho bảng `hoadon`
--

CREATE TABLE `hoadon` (
  `id_hd` int(10) NOT NULL,
  `id_kh` int(10) NOT NULL,
  `trangthai_DH` varchar(255) NOT NULL
) ENGINE=InnoDB DEFAULT CHARSET=utf8 COLLATE=utf8_unicode_ci;

--
-- Đang đổ dữ liệu cho bảng `hoadon`
--

INSERT INTO `hoadon` (`id_hd`, `id_kh`, `trangthai_DH`) VALUES
(3, 20, 'Đã xác nhận'),
(4, 21, 'Chờ xác nhận'),
(5, 23, 'Đã thanh toán'),
(6, 24, 'Đã xác nhận'),
(7, 25, 'Hủy đơn'),
(8, 26, 'Đã xác nhận'),
(9, 27, 'Chờ xác nhận');

-- --------------------------------------------------------

--
-- Cấu trúc bảng cho bảng `loaisp`
--

CREATE TABLE `loaisp` (
  `id_loaisp` int(11) NOT NULL,
  `ten_loaisp` text NOT NULL
) ENGINE=InnoDB DEFAULT CHARSET=utf8 COLLATE=utf8_unicode_ci;

--
-- Đang đổ dữ liệu cho bảng `loaisp`
--

INSERT INTO `loaisp` (`id_loaisp`, `ten_loaisp`) VALUES
(1, 'Moto'),
(2, 'Xe tay ga');

-- --------------------------------------------------------

--
-- Cấu trúc bảng cho bảng `nhacungcap`
--

CREATE TABLE `nhacungcap` (
  `id_nhacungcap` varchar(10) NOT NULL,
  `ten_ncc` text NOT NULL,
  `diachi_ncc` varchar(255) NOT NULL,
  `sodienthoai_ncc` varchar(10) NOT NULL
) ENGINE=InnoDB DEFAULT CHARSET=utf8 COLLATE=utf8_unicode_ci;

--
-- Đang đổ dữ liệu cho bảng `nhacungcap`
--

INSERT INTO `nhacungcap` (`id_nhacungcap`, `ten_ncc`, `diachi_ncc`, `sodienthoai_ncc`) VALUES
('1', 'YAMAHA Tùng Dương', '92/8 Trần Nhân Tông', '0292777222'),
('2', 'KAWASAKI Lê Lâm', '113 Đặng Hùng', '0999899799'),
('3', 'Cửa Hàng DUCATI', '13 Hồ Hằng', '0937756244'),
('4', 'Harley Davidson SHOP', '153 Trưng Trắc', '0937248244'),
('5', 'HONDA SHOP', '17 Khanh Thái', '0292777333'),
('6', 'Cửa Hàng Triumph', '18 Gia Lăng', '0947364873'),
('7', 'Đại Lý Suzuki', '47 Tinh Trấn', '0947274682'),
('8', 'BMW STORE', '', '0937248535');

-- --------------------------------------------------------

--
-- Cấu trúc bảng cho bảng `sanpham`
--

CREATE TABLE `sanpham` (
  `id_sanpham` int(11) NOT NULL,
  `tensp` varchar(50) NOT NULL,
  `anhsanpham` varchar(255) NOT NULL,
  `giasanpham` int(22) NOT NULL,
  `gia_nhap` int(22) NOT NULL,
  `id_nhacungcap` int(11) NOT NULL,
  `id_hangsp` int(11) NOT NULL,
  `id_loaisp` int(11) NOT NULL,
  `mota_sp` text NOT NULL
) ENGINE=InnoDB DEFAULT CHARSET=utf8 COLLATE=utf8_unicode_ci;

--
-- Đang đổ dữ liệu cho bảng `sanpham`
--

INSERT INTO `sanpham` (`id_sanpham`, `tensp`, `anhsanpham`, `giasanpham`, `gia_nhap`, `id_nhacungcap`, `id_hangsp`, `id_loaisp`, `mota_sp`) VALUES
(23, 'NIGHTSTER', 'Nightster.png', 580000000, 495000000, 4, 6, 1, 'Harley Davidson Nightster 2023 | Giá xe Harley Davidson Nightster mới nhất 2023 tại Việt Nam  Chính thức xuất hiện tại Việt nam và đang được bán chính hãng, Harley Davidson Nightster được định hình là “đàn em” của mẫu Sportster S từng ra mắt trước đó nhưng có giá bán dễ tiếp cận hơn. Harley Davidson Nightster 2023 là chương tiếp theo trong di sản Sportster của Harley-Davidson, là một bước tiến nhảy vọt về hiệu suất và thiết kế được xây dựng trên nền tảng 65 năm trước. Xe moto Nightster 2023 là mẫu xe có thiết kế thời trang, phù hợp với những người dùng trẻ tuổi.  Nightster - 1  Harley Davidson Nightster chính hãng tại Việt Nam  Harley Davidson Nightster vừa được nhập khẩu chính hãng tại thị trường Việt Nam với lợi thế khi trang bị khối động cơ V-Twin thế hệ mới đi cùng giá bán dễ dàng tiếp cận. Giá xe Harley Davidson Nightster có giá bán thấp nhất từ 579.000.000 VNĐ (đã bao gồm VAT, chưa có phí trước bạ và biển số) với màu sơn Vivid Black (đen bóng), trong khi đó giá xe Nightster 2023 màu Gunship Grey (xám), và Redline (đỏ) có giá bán từ 489.000.000 VNĐ mắc hơn 10 triệu đồng so với phiên bản màu Đen. Các phối màu chỉ thay đổi ở phần khung hộp gió, các chi tiết chắn bùn, ốp đầu đèn luôn có màu đen bóng.  Harley Davidson Nightster 975 là mẫu xe được định vị là phương tiện \"nhập môn\" cho người chơi mới làm quen với dòng xe Sportster. Nightster 795 2023 sở hữu kích thước chiều dài 2250mm, chiều dài cơ sở ở mức 1545mm, khoảng sáng gầm 137mm cùng trọng lượng chỉ 211 kg. Chiều cao yên xe là 705 mm khá thấp nếu so với các mẫu xe trong nhà Harley giúp người dùng Châu Á dể dàng tiếp cận.  Nightster - 2  Trên Harley Nightster 2023 có thể thấy có rất ít chi tiết mạ chrome hơn mà thay bằng lớp sơn tĩnh điện nhằm hướng người dùng theo phong cách thời trang đường phố. Harley Davidson Nightster 795 sử dụng một phần động cơ làm khung sườn để giảm trọng lượng cho xe. Trọng lượng ướt của xe khi vận hành chỉ khoảng 221kg nhẹ hơn so với Sportster S thế hệ trước.  Nightster - 3  Thiết kế cụm đầu đèn trước xe Nightster 975 hãng Harley Davidson khá thú vị khi vẫn giữ lại nét hoài cổ nhưng vẫn đan xe nét hiện đại giúp mẫu xe này rất cuốn hút nổi bật với cụm đầu đèn Daymaker LED cho ánh sáng rộng đều an toàn cho người lái trong mọi cung đường.  Nightster - 4  Harley Davidson Nightster trang bị cụm đồng hồ 4 inch analog dạng tròn kèm màn hình LCD đơn sắc thể hiện thông tin số kilomet di chuyển được gắn phía trên ghi đông. Nightster 975 mới có 3 chế độ lái là Road, Sport và Rain. Người lái có thể chuyển đổi chế độ khi đang cầm lái hoặc khi dừng xe. Hệ thống kiểm soát độ bám đường, chống bó cứng phanh và kiểm soát độ bám bánh sau là 3 công nghệ hỗ trợ lái nổi bật trên Harley-Davidson Nightster.  Nightster - 5  Bình xăng Nightster bằng nhựa nằm bên dưới yên xe có dung tích 11,7 lít giúp hạ thấp trọng tâm đồng thời tối ưu kích thước của hộp lọc gió. Mặc dù bình xăng của Nightster nhỏ hơn 0,7 lít so với Iron 883 nhưng mức tiêu hao nhiên liệu đã được cải thiện.  Nightster - 6  Nightster 2023 với gác chân ở giữa và ghi đông thấp, Harley-Davidson Nightster mang đến tư thế lái cân bằng và thoải mái. Mẫu xe có thiết kế gọn gàng cùng chiều cao yên thấp, giúp hầu hết các biker đều có thể chống chân thoải mái khi dừng xe.  Nightster - 7  Harley Davidson Nightster 2023 sở hữu khối động cơ Revolution Max 975T dạng V-Twin 60 độ, làm mát bằng chất lỏng cho công suất được công bố là 90 mã lực tại 7.500 vòng/phút và mô-men xoắn 95 Nm tại 5.000 vòng/phút. Nightster 2023 sử dụng hộp số 6 cấp và hệ truyền động dây đai. Phần van thủy lực được điều chỉnh để tăng sự êm ái khi vận hành, giúp bảo dưỡng nhanh chóng và ít tốn chi phí hơn.  Nightster - 8  Harley Nightster 2023 trang bị hệ thống giảm xóc của Showa với phía trước là Dual Bending Valve (DBV), phía sau là giảm xóc đôi có điều chỉnh hành trình lò xo (preload).  Nightster - 9  Harley Davidson Nightster có kích thước bánh trước 19 inch đi kèm lốp Dunlop Harley-Davidson Series Bias Blackwall, kích thước 100/90 phía trước. Vành sau 16 inch và lốp kích thước 150/80 phía sau.'),
(24, 'REAKOUT 114', 'Breakout114.png', 839000000, 805000000, 4, 6, 1, 'Harley Davidson Breakout 114 | Giá xe Breakout 114 hãng Harley Davidson mới nhất 2023 tại Việt Nam   Harley Davidson Breakout 114 với thiết kế mang kiểu dáng và phong thái đậm chất Dragster vừa được giới thiệu tại triển lãm ôtô quốc tế Việt Nam 2017 (VIMS) với sự tham gia của các hãng môtô phân khối lớn đình đám, trong đó có thương hiệu môtô Harley-Davidson. Breakout 114 được phát triển theo phong cách Dark Custom tương tự như những mẫu xe khác mà hãng đã từng giới thiệu trước đây.  Breakout 114 - 1  Harley Davidson Breakout 114 đang được bán chính thức tai Việt Nam  Harley Davidson Breakout 114 là một trong 8 mẫu xe thuộc dòng Softail 2023 được giới thiệu tới người tiêu dùng Việt. Breakout 114 là mẫu xe có thiết kế thời trang, phù hợp với những người dùng trẻ tuổi. Tại thị trường Việt Nam, giá xe Harley Davidson Breakout 114 được bán chính hãng với giá 839.000.000 VNĐ tới 849.000.000 VNĐ với 3 màu sắc tùy chọn. Harley Breakout 114 còn có thêm lựa chọn động cơ Milwaukee-Eight 114 ( tương đương 1868cc ) và phiên bản kỷ niệm 115th Anniversary.  Tổng thể Breakout 114 có chiều dài 2370mm, chiều cao yên xe 665mm vẫn mang phong cách thiết kế ngạo nghễ vốn có. Harley Davidson Breakout 114 với thiết kế bộ khung sườn mới nhẹ hơn 34% (sử dụng chất liệu nhôm) được phát triển từ bộ khung Softail trước đây giúp Breakout 114 mới 2023 nhẹ hơn và cứng hơn trong khi lại nâng cấp hệ thống treo với giảm sóc đơn monoshock giảm chấn được giấu kín dưới yên xe tạo vẻ ngoài cổ điển và đảm bảo vận hành ổn định hơn trên đường trường.  Breakout 114 - 2  Harley Davidson Breakout 114 có trọng lượng không tải 294kg nhẹ hơn đến 15,85kg so với mẫu cũ, kết hợp sức mạnh từ khối động cơ Milwaukee-Eight™ 114 thế hệ thứ 9 dòng động cơ hai máy xếp hình chữ V được trang bị hai trục cân bằng nhằm giảm độ rung khi vận hành giúp tăng tốc nhanh hơn 10%. Breakout 2023 với khối động cơ 1868cc, mô men xoắn cực đại 155Nm / 3000rpm sẽ mang lại cảm giác cực kỳ phấn khích cho người lái khi vít ga tăng tốc.  Breakout 114 - 3  Breakout 114 có thiết kế đèn pha tròn nhỏ gọn theo phong cách cổ điển sử dụng công nghệ chiếu sáng Led Daymaker bên chóa xám khói titan, 2 đèn xi-nhan báo chuyển hướng được gắn trên tay lái.  Breakout 114 - 4  Harley Breakout 114 với ghi-đông dài uốn cong nhẹ về sau người lái cho góc cua thoải mái. Đồng dạng mini tích hợp trên ghi-đông trần kết hợp cùm công tắc hiển thị đầy đủ chức năng cần thiết. Breakout 114 mới 2023 là mẫu xe Dragster đề cao sự đơn giản nhằm tiết kiệm chi phí.  Breakout 114 - 5  Bình xăng trên xe Harley Davidson Breakout 2023 có dung tích 13.2l hình dáng giọt nước hơi bầu màu đen tuyền đi kèm vài họa tiết kẻ sọc cách điệu. Breakout 2023 mẫu xe này có thể không phù hợp lắm với người muốn một chiếc xe chạy đường trường.  Breakout 114 - 6  Yên xe Breakout 114 kiểu 2 tầng với chỉ đỏ phản quang có chiều cao 665mm tạo cảm giác thoải mái cho cả người lái và bạn đồng hành  Breakout 114 - 7  Đuôi xe thiết kế tối giản đi kèm pát biển số rời và xi-nhan tách riêng 2 bên đúng chất cổ điển  Breakout 114 - 8  Dàn chân tiêu chuẩn Harley Davidson Breakout 114 với phuộc trước dạng ống lồng Showa, vành đa chấu kép song song đường kính nhỏ hơn bánh sau khá nhiều, giảm trọng lượng đầu xe không gây khó dễ cho người lái.  Breakout 114 - 9  Dàn chân sau Harley Breakout 114 ấn tượng với bánh sau 240/40R18 to lớn và phanh đĩa đơn đường kính khá lớn đi kèm giảm xóc đơn được giấu kín bên dưới yên có thể tùy chỉnh  Breakout 114 - 10  Các chi tiết động cơ và cuốn bô Breakout 114 được mạ Chrom bóng bẩy kết hợp bộ đôi ống xả kép song song màu đen mạnh mẽ thuông dài ra sau cho ra âm thanh mạnh mẽ đặc trưng của dòng xe Harley Davidson.'),
(25, 'HARLEY DAVIDSON IRON 883', 'Iron883.jpg', 470000000, 430000000, 4, 6, 1, 'Harley Davidson Iron 883 | Giá xe Harley Davidson Iron 883 |Giá xe Iron 883 mới nhất 2017 tại Việt Nam  Harley Davidson Iron 883 mới nhất 2017 được thiết kế lại với nhiều chi tiết góc cạnh lấy cảm hứng từ những chiếc bobber cổ điển. Iron 883 kết hợp đan xen giữa phong cách cổ điển và hiện đại. Đây chắc chắn sẽ là một sự lựa chọn thiết thực và đơn giản nếu như bạn cần một chiếc xe sử dụng thường xuyên để đi lại trong thành phố. Harley Davidson Iron 883 2017 thuộc trường phái cũ của dòng Sportster, mạnh mẽ, hấp dẫn và ngầu là những từ để mô tả về mẫu xe này.  Harley davidson iron 883 - 1  Harley Davidson Iron 883 mẫu xe Sportster đầy mạnh mẽ  Harley Davidson Iron 883 được giới thiệu vào năm 1957 và là mẫu xe sản xuất liên tục dài nhất trong lịch sử của Harley-Davidson. Harley Iron 883 không có quá nhiều chi tiết mạ crôm để thu hút sự chú ý. Từ lá tản nhiệt, động cơ, tay lái, kính chiếu hậu, bánh xe, mâm, và cả khung sườn, tất cả đều mang một màu đen huyền ảo. Giá xe Harley Davidson Iron 883 mới nhất 2017 ngoài phiên bản màu đỏ nhám mới (Red Iron Denim) còn có 3 phiên bản màu khác là Đen Nhám (Black Denim) – Vàng Olive (Olive Gold) và Vàng kim tuyến đặc biệt, Giá Iron 883 mới nhất 2017 vào khoảng 470 triệu đồng (chưa bao gồm VAT, chưa có phí trước bạ và biển số) … Đây là 1 trong những mẫu xe bán chạy nhất trong dòng Sportster của Harley-Davidson.   Harley Davidson Iron 883 sở hữu chiều dài 2185mm, chiều cao chỗ ngồi khoảng 775mm, trọng lượng chỉ 256 kg, dung tích bình xăng 12,5 lít dành cho những người có vóc dáng nhỏ. Với trọng lượng nhẹ, yên thấp và hướng về phía trước, tay lái rộng và kéo gần với yên khiến tư thế lái xe thoải mái, không bị mỏi tay, dễ kiểm soát khi đi chậm.  Harley davidson iron 883 - 2  Harley Davidson Iron 883 được trang bị động cơ Evolution mới phun xăng điện tử cổng nối tiếp, dung tích xy-lanh ở mức 883cc với hành trình pit-tông 96,8mm, làm mát bằng gió với mô-men xoắn cực đại 71 Nm tại 3.750 vòng/phút, công suất tối đa 46,7 mã lực. Iron 883 2017 tiêu thụ nhiên liệu hỗn hợp ở mức 4,6L/100km.  Harley davidson iron 883 - 3  Hệ thống đèn pha Harley Davidson Iron 883 hình tròn theo phong cách cổ điển có thiết kế dạng gáo dừa, 2 đèn xi-nhan báo chuyển hướng được gắn trên tay lái.  Harley davidson iron 883 - 4  Bảng điều khiển trung tâm Harley Iron 883 chỉ có đồng báo tốc độ và dải màn hình LCD đơn sắc khá nhỏ cho ra các thông số liên quan đến tốc độ vòng tua, vị trí số và quãng đường hành trình. Nhìn chung, Iron 883 là mẫu xe Sportster đề cao sự đơn giản nhằm tiết kiệm chi phí.  Harley davidson iron 883 - 5  Harley Davidson Iron 883 2017 sử dụng hệ thống treo tinh chỉnh để êm ái và dễ kiểm soát hơn  kết hợp với tay lái drag-racing cùng với hệ thống giảm xóc trước và sau được nâng cấp. Phần lò xo giảm chấn cải tiến cùng vòng đệm tùy chỉnh, cho phép các tay lái thay đổi chức năng để phù hợp với điều kiện mặt đường hay trọng tải khi chở thêm người ngồi sau.  Harley davidson iron 883 - 6  Yên xe Harley Davidson Iron 883 được bọc da khá đơn giản dạng da cuộn từng múi gợi nhớ đến hình ảnh của những chiếc xe đường phố thế kỷ trước. Chắn bùn sau cắt ngắn.  Harley davidson iron 883 - 7  Harley Davidson Iron 883 được trang bị bộ mâm 19 inch 13 chấu đi kèm lốp Michelin với kích thước 100/90/19 cho bánh trước và 16 inch đi kèm bộ lốp 150/80/16 cho bánh sau. Hệ thống an toàn cho xe bao gồm phanh đĩa đơn cho cả 2 bánh và chống bó cứng ABS tiêu chuẩn.'),
(26, 'SUPERLEGGERA V4', 'SUPERLEGGERA V4.jpg', 2147000000, 2147000000, 3, 4, 1, 'Ducati Superleggera V4 | Giá xe Ducati Superleggera | Giá xe Superleggera V4 mới nhất 2023 tại Việt Nam  Mẫu xe SuperBike Superleggera thuộc phân khúc 1.000cc được xem là mẫu xe thương mại mạnh nhất, đắt nhất, sở hữu nhiều công nghệ từ đường đua nhất của thương hiệu Italy. Vừa qua mẫu moto Superleggera V4 chính thức được giới thiệu với số thứ tự 405/500, đây sẽ là chiếc xe mô tô độc nhất và duy nhất tại thị trường Việt Nam. Mẫu xe được nhập khẩu và phân phối chính hãng duy nhất bởi CT-Wearnes cho vị khách hàng đặc biệt khi sở hữu khung sườn, động cơ và hàng loạt các công nghệ chỉ xuất hiện trên đường đua Moto GP.  Superleggera v4 - 1  Mẫu Sportbike Ducati Superleggera vừa được bán chính hãng Việt Nam  Mẫu xe môtô Superleggera mới được coi là đại diện cho đỉnh cao của kỹ thuật, sự đổi mới, chú ý đến từng chi tiết và sự quan tâm của khách hàng mang đậm chất của một chiếc sport bike thuần tuý. Theo Ducati Việt Nam chia sẽ, Superleggera V4 chỉ được sản xuất ở nhà máy của Ducati đặt tại Bologna, Italy. Xe sau đó được vận chuyển bằng máy bay về nhà máy của Ducati ở Thái Lan để kiểm tra chất lượng thêm lần nữa, trước khi có mặt tại thị trường Việt Nam.   Tại thị trường Việt Nam sau khi được nhập khẩu chính thức theo như hãng Ducati công bố giá xe Superleggera với phiên bản giới hạn chỉ 500 chiếc trên toàn thế giới và được đánh số riêng có giá bán chính hãng vào khoảng hơn 5,8 tỷ Đồng (đã bao gồm VAT), giá lăn bánh dự trù của mẫu xe này sẽ hơn 6 tỷ đồng.  Superleggera v4 - 2  Mẫu xe Superleggera mới 2023 được xem là mẫu xe thương mại tiềm cận đường đua mạnh nhất hiện nay của hãng Ducati khi mang trên mình những thông số kỹ thuật rất đáng nể với \"Trái tim\" là động cơ Desmosedici Stradale V4, dung tích 998 cc, sản sinh công suất 224 mã lực tại 15.250 vòng/phút và mô-men xoắn cực đại 116 Nm tại 11.750 vòng/phút. Nếu sử dụng bộ ống xả dành cho đường đua, sức mạnh chiếc xe có thể đẩy lên mức 234 mã lực và 119 Nm. Khổi động cơ trên Superleggera phiên bản mới nhẹ hơn và mạnh mẽ hơn bao giờ hết. Thực tế, động cơ 90 ° V4 998 cm3 cung cấp năng lượng cho Superleggera V4 nặng hơn 2,8 kg so với 1.103 cm3 V4.  Superleggera v4 - 3  Động cơ trên Ducati Superleggera V4 2023 đều được lắp ráp thủ công. Kỹ sư sau khi hoàn thiện để lại chữ ký của mình.  Superleggera v4 - 4  Dòng xe PKL Superleggera được thiết kế và phát triển để đạt được hiệu suất tối đa trên đường đua nhưng vẫn đảm bảo độ thân thiện với người lái trên đường trường. Thiết kế của Superleggera V4 dựa trên dòng Panigale V4 khi kết hợp các đường nét góc cạnh lẫn mềm mại để tạo phong cách thể thao và khí động học. Đây là mẫu môtô duy nhất trên thế giới có thân xe chủ yếu bằng sợi carbon và được cấp phép lưu thông ngoài đường phố.  Superleggera v4 - 5  Nhờ vào sử dụng sợi carbon, titan và các thành phần gia công từ nhôm nguyên khối, Superleggera V4 có trọng lượng khô chỉ 159 kg (nhẹ hơn 16 kg so với Panigale V4), dẫn đến tỷ lệ công suất / trọng lượng là 1,41 mã lực / kg: một con số kỷ lục đối với một chiếc xe moto phân khối lớn thương mại.  Superleggera v4 - 6  Nhiều bộ phận trên xe được làm bằng sợi carbon. Bao gồm hệ thống chắn gió được sắp xếp hợp lý, mang lại hiệu quả khí động học phù hợp và vượt trội so với các xe trong giải MotoGP hiện tại.  Superleggera v4 - 7  Càng phụ của xe cũng bằng chất liệu sợi carbon. Xe sử dụng lốc nồi khô, nắp động cơ bằng magiê.  Superleggera v4 - 8  Ducati Superleggera sở hữu thiết kế bộ cánh gió kép có nguồn gốc từ mẫu xe Desmosedici GP16 đảm bảo lực xuống 50kg ở vận tốc 270 km/h, nhiều hơn 20kg so với lực tạo ra bởi cánh trên Panigale V4 MY20 và V4 R.  Superleggera v4 - 9  Tương tự như những mẫu xe Super Sport vừa được ra mắt, Ducati trang bị cho mẫu xe này hệ thống màn hình hiển thị LCD 5 inch TFT hiển thị thông số quen thuộc, điều chỉnh cài đặt hệ thống, đồng hồ còn có chỗ cho chức năng đếm thời gian vòng đua. Ngoài ra trên xe có đến 8 chế độ lái cùng với đó là hệ thống GPS giúp tối ưu khả năng chạy trên đường đua.  Superleggera v4 - 10  Ngoài ra, phiên bản về Việt Nam Ducati Superleggera phiên bản đặc biệt còn trang bị gói option nâng cao Racing Kit của hãng. Gương chiếu hậu được lược bỏ và chỗ kết nối gương ốp hai tấm kim loại. Khi cần, chủ xe lắp gương và lưu thông trên đường bình thường.  Superleggera v4 - 11  Xe phân khối lớn Ducati Superleggera mới còn được trang bị một loạt công nghệ hiện đại hỗ trợ giúp người lái có thể vận hành tốt nhất chiếc xe đầy uy lực này như hệ thống treo Öhlins nhẹ với phuộc điều áp và hệ thống phanh Brembo với kẹp phanh Stylema® R. Ngoài ra, một gói thiết bị điện tử thế hệ mới nhất bao gồm các công nghệ hỗ trợ như EVO 2 cho DTC và DQS lên / xuống.  Superleggera v4 - 12  Phần bình xăng của Ducati Superleggera V4 mới vẫn được làm bằng tấm nhôm nguyên khối như các mẫu xe của hãng. Còn lại khung sườn, dàn áo đều bằng sợi carbon. Tem xe cũng được sơn theo phong cách xe đua MotoGP, Ducati Desmosedici.  Superleggera v4 - 13  Góp phần tạo nên vẻ ngoài thể thao hơn với màu sơn bắt mắt lấy cảm hứng từ mẫu xe Desmosedici GP19 kết hợp màu đỏ của giải đua Moto GP19 với một lớp carbon trần giúp nhấn mạnh hình dạng, vật liệu và các chi tiết kỹ thuật.  Superleggera v4 - 14  Trong khi đó, thiết cụm đèn hậu dạng LED ấn tượng, đầy sức hút khi được vuốt cao về phía sau kết hợp pass biển số thể thao rời và có thêm hai hốc định hướng luồng gió.  Superleggera v4 - 15  Trên mẫu xe Ducati Superleggera V4 2023 yên xe được bọc da, phối hai tông màu đỏ trên Superleggera V4. Chụp đuôi xe cũng bằng sợi carbon.  Superleggera v4 - 16  Khu vực yên sau là nơi lắp bộ thu tín hiệu GPS, hỗ trợ cho hệ thống Ducati Data Analyzer+ (DDA+).  Superleggera v4 - 17  Hệ thống giảm sóc trước và sau của Ducati Superleggera sử dụng thương hiệu Ohlins và có mã TTX36. Giảm xóc này cho phép điều chỉnh tất cả thông số, lò xo giảm xóc được làm từ chất liệu titan.  Superleggera v4 - 18  Theo như Ducati cho biết, mẫu Superbike Superleggera mới 2023 được trang bị sẵn bộ ống xả Akrapovič đã được phê chuẩn bởi Ducati ở cấu hình hợp pháp trên đường, công suất của xe sẽ là 224 mã lực (số liệu tương đồng của EU) so với bộ đôi Paniagle V4 và V4S. Con số đó sẽ tăng lên 234 mã lực khi được trang bị ống xả full-system được Akrapovič thiết kế riêng cho các dòng Panigale V4 đi kèm trong gói Racing Kit của Superleggera V4.  Superleggera v4 - 19  Để cải thiện lực thắng cũng như tối ưu trọng lượng tổng thể cho xe, Ducati trang bị cho mẫu xe Ducati Superleggera này bộ mâm Carbon siêu nhẹ nhẹ đi kèm lốp Pirelli Diablo Supercorsa SP có kích thước 120/70 và 200/60 ở sau. Ngoài ra còn có hệ thống cùm phanh Brembo trước/sau thế hệ mới nhất đi cùng phanh đĩa Brembo,  kẹp phanh Stylema kép phía trước và Brembo 2-piston đơn phía sau, hệ thống phanh ABS trong cua Cornering ABS EVO của Bosch.'),
(27, 'DUCATI SUPERSPORT', 'DUCATI SUPERSPORT.jpg', 527900000, 467000000, 3, 4, 1, 'DUCATI SUPERSPORT Phiên bản tiêu chuẩnGiá: 513.900.000 VNĐGiá bán lẻ đề xuất (đã có thuế GTGT) GIÁ XE MÁY TẠM TÍNH Khu vực TP.HCM Giá xe:513.900.000VNĐ Thuế trước bạ:25.695.000VNĐ Phí biển số:4.000.000VNĐ Bảo hiểm dân sự:66.000VNĐ Tổng cộng:543.661.000VNĐ *Tham khảo: Cách tính giá xe lăn bánh  Đặc tính nổi bậtKỹ thuậtĐại lý ủy nhiệmVideo reviewFAQ GIÁ XE DUCATI SUPERSPORT PHIÊN BẢN KHÁC Ducati SuperSport phiên bản S ( Đỏ. Trắng)	570.900.000đ Ducati SuperSport phiên bản tiêu chuẩn	513.900.000đ Ducati SuperSport | Giá xe Ducati SuperSport | Xe moto Pkl Ducati SuperSport | Giá xe Ducati SuperSport mới nhất 2017 tại Việt Nam  Ducati SuperSport lần đầu tiên trình làng trong triển lãm Intermot 2016 diễn ra tại thành phố Cologne, Đức. Ducati SuperSport hướng tới những khách hàng muốn một chiếc sportbike có tư thế ngồi thoải mái và dễ điều khiển. Tại thị trường Thái Lan, Ducati SuperSport 2017 có 3 phiên bản là tiêu chuẩn, S màu đỏ và S màu trắng. Giá bán tương ứng của 3 phiên bản này là 599.000 Baht (382 triệu đồng), 699.000 Baht (477,6 triệu đồng) và 709.000 Baht (484 triệu đồng).  Ducati supersport - 1  Ducati SuperSport sắp ra mắt tại Việt Nam vào ngày 7/10  Ducati Supersport được đánh giá là mẫu xe mô tô đẹp nhất trong sự kiện sự kiện EICMA diễn ra hồi cuối năm ngoái, Ducati SuperSport là mẫu Sport-tuoring hoàn toàn mới với vẻ ngoài vô cùng ấn tượng mang ngôn ngữ thiết kế đặc trưng của dòng xe Superbike đến từ thương hiệu Ducati. Theo xác nhận của Ducati Việt Nam mới đây, Ducati SuperSport sẽ chính thức ra mắt tại thị trường Việt Nam vào ngày 7/10 sắp tới trong sự chờ đợi mòn mỏi của các tín đồ PKL nói chung cũng như các Fan của nhà Ducati nói riêng.  Ducati supersport - 2  Ducati Supersport có chiều dài trục cơ sở là 1.478 mm, chiều cao yên xe là 810 mm thấp hơn 19,8 mm so với dòng Panigale, cùng với bộ khung nhẹ dạng mắt cáo để lộ ở thân xe mà không bị phần yếm che lại, trọng lượng khô ở mức 210 kg với dung tích bình xăng là 16 lít. Chiều cao tay lái và vị trí bàn đặt chân đến được thiết kế công thái học để tạo cảm giác thoải mái cho người lái giúp người lái Ducati SuperSport 2017 dễ dàng xử lý trong cả đường nội thành lẫn cao tốc.  Ducati supersport - 3  Ducati SuperSport sở hữu bộ quây gió trước phần đầu thiết kế góc cạnh vuốt nhọn ấn tượng với cặp đèn pha mỏng cùng dải LED chiếu sáng ban ngày chữ V vểnh hẳn lên tách biệt thay vì nằm bên trong và chìm dưới lớp vỏ, bên cạnh đó chiếc xe được trang bị yên xe lõm, ống xả đôi đặt thấp mang dáng dấp đặc trưng của Monster.  Ducati supersport - 4  Ducati SuperSport trang bị kính chắn gió của có thể tùy chỉnh giữa 2 chế độ để mang đến khả năng bảo vệ tốt hơn cùng gương chiếu hậu tích hợp đèn báo rẽ.  Ducati supersport - 5  Ducati SuperSport trang bị màn hình LCD hiển thị các thông số kỹ thuật, đặc trưng trên các dòng sport của Ducati thời gian gần đây.  Ducati supersport - 6  Ducati SuperSport thiết kế yên xe dạng lõm cao hơn và có dạng vuốt tròn liền mạch như ở dòng Monster 1100S. Yên xe SuperSport 2017 có thêm tùy chọn bọc da bò và đường chỉ khâu màu tương phản thay vì yên đen sần truyền thống.  Ducati supersport - 7  Ducati SuperSport trang bị động cơ Testastretta L-twin, dung tích 937 phân khối, công suất 113 mã lực tại vòng tua 9.000 vòng/phút, mô-men xoắn cực đại 7.500 vòng/phút. Hộp số 6 cấp, ba chế độ lái gồm Sport, Touring, Urban và hệ thống kiểm soát độ bám đường 8 cấp, bộ nồi chống trượt slipper-clutch. Theo hãng Ducati, động cơ Ducati SuperSport có thể đạt 80% mô-men xoắn cực đại chỉ từ vòng tua máy 3.000 vòng/phút. Ducati SuperSport sở hữu những công nghệ như hệ thống ABS của Bosch, hệ thống kiểm soát lực kéo do Ducati phát triển, phuộc Ohlin trước và sau (ở bản SuperSport S), màn hình điều chỉnh được độ cao.  Ducati supersport - 8  Ducati SuperSport phiên bản tiêu chuẩn thì SuperSport 2017 có hệ thống phuộc trước Upside-down Marzocchi đường kính 41 mm chỉnh được, phuộc sau giảm xóc sau trụ đơn của Sachs. Ducati SuperSport ở phiên bản tiêu chuẩn chỉ có một màu sắc cho bản tiêu chuẩn là sự kết hợp của 2 màu Ducati Red và Saturn Grey trên thân và bánh xe.  Ducati supersport - 9  Ducati SuperSport phiên bản S sử dụng phuộc có ti phuộc làm từ Titan, phuộc sau Öhlins. Cả hai phiên bản đều sử dụng phanh Brembo nhưng bản S còn có thêm quick-shift 2 chiều. Ở phiên bản S sẽ có 2 màu tùy chọn là Ducati Red và Star White Silk với yên xe có chỉ khâu màu tương phản.  Ducati supersport - 10  Ducati SuperSport dàn chân được kế thừa từ đàn anh 1299 Panigale với cặp vành hợp kim 3 chấu với tạo hình chữ Y cùng dàn chân sau kiểu một gắp.  Ducati supersport - 11  Ducati SuperSport trang bị hệ thống phanh đĩa kép trước với đường kính 320 mm cùng cặp heo dầu Brembo Monobloc, lốp trước Pirelli Diablo Rosso III 120/70 ZR17, lốp sau Pirelli Diablo Rosso III 120/70 ZR17 kết hợp phanh đĩa đơn sau với đường kính 245 mm, cả 2 phanh điều được tích hợp hệ thống chống bó cứng phanh ABS.  Ducati supersport - 12  Ducati SuperSport sử dụng hệ thống xả 2-1-2 bằng vật liệu titan với cặp ống pô nằm ngay sau bàn đặt chân bên phải với bầu xả và hệ thống kiểm soát khí thải điện tử, van pô biến thiên nhằm đáp ứng các yêu cầu ngặt nghèo của tiêu chuẩn Euro4.'),
(29, 'KAWASAKI NINJA ZX-10R', 'KAWASAKI NINJA ZX-10R.jpg', 729000000, 663000000, 2, 3, 1, 'Kawasaki Ninja ZX-10R 2023 | Giá xe ZX-10R 2023 | Giá xe Kawasaki Ninja ZX-10R mới nhất 2023 tại Việt Nam  Kawasaki ZX10R 2023 Kawasaki Ninja ZX-10R 2021 mang phong cách cứng cáp, mạnh mẽ hơn thay cho kiểu tròn trịa ở bản tiền nhiệm mang theo diện mạo mới khi các chi tiết cánh gió được tinh chỉnh tinh tế tạo nên phần đầu xe độc đáo đầy ấn tượng. Đèn pha LED tạo hình mới, gọn hơn, nằm ẩn vào trong quây gió, thay cho loại halogen ở bản cũ. Ở phiên bản ZX-10R mới 2023 có thêm hệ thống ga tự động, chức năng này tự hủy nếu có thao tác chuyển số, bóp phanh, côn của người lái.   Kawasaki ninja zx-10r - 1  Kawasaki ZX10R được nhập khẩu về thị trường Việt Nam  Kawasaki ZX10R 2023 được nhập khẩu về Việt Nam theo dạng CBU (nhập khẩu nguyên chiếc) từ Nhật Bản. Giá xe ZX-10R 2023 hiện nay tại các đại lý tư nhân có giá 729.000.000 đồng (đã bao gồm VAT, chưa có phí trước bạ và biển số). Ninja ZX-10R là Superbike cạnh tranh với các đối thủ cùng phân khúc 1000 phân khối, không được trau chuốt trong thiết kế như các đối thủ Ducati, MV Agusta nhưng lại được đánh giá cao về phần tốc độ thiết kế góc cạnh thiên về khí động học.   Kawasaki ZX-10R 2023 phiên bản cao nhất cho tới thời điểm hiện tại với hàng loại tính năng cùng trang bị cao cấp hiện đại bao gồm chống bó cứng phanh KIBS, kiểm soát tăng tốc Kawasaki Launch Control (KLCS), phanh động cơ KEBC, kiểm soát chống trượt (S-KTRC), cần chuyển số nhanh (KQS) giúp nó tự tin bước vào cuộc chơi Superbike thương mại sở hữu sức mạnh vượt ngưỡng 200 mã lực.  Kawasaki ninja zx-10r - 2  Kawasaki Ninja ZX-10R 2023 được trang bị khối động cơ 998 cc, 4 xi-lanh thẳng hàng, DOHC, 16 van, làm mát bằng nước, công suất 200 mã lực tại vòng tua máy 13.200 vòng/phút, mô-men xoắn cực đại 114,9 Nm tại 11.400 vòng/phút. Hộp số 6 cấp, ba chế độ lái tiêu chuẩn: Sport (thể thao), Road (đường đô thị, đường trường), Rain (mưa). Tốc độ tối đa 299 km/h, tăng tốc 0-100 km/h trong 2,9 giây.  Kawasaki ninja zx-10r - 3  Ninja ZX-10R 2023 có kích thước chiều dài 2.085 mm, rộng 750 mm và cao 1.185 mm, chiều cao yên 835 mm, trọng lượng xe đạt 207 kg. Kawasaki nới chiều dài cơ sở xe ZX-10R 2023 từ 1.440 mm lên 1.450 mm kèm theo độ lệch phuộc lớn hơn 2 mm và tay đòn dài thêm 8 mm nhằm tăng thêm độ ổn định khi chạy ở tốc độ cao lẫn khả năng thoát cua nhanh hơn. Phần kính chắn gió được đặt cao hơn 40 mm nhưng dốc hơn thế hệ trước, giúp giảm thêm lực cản gió.  Kawasaki ninja zx-10r - 4  Kawasaki ZX-10R có nhiều thay đổi hơn ở phần đầu và đuôi xe khi trang bị cho đứa con của mình khe hút gió lớn hơn, tiết diện cụm đèn pha đôi thu hẹp lại gia tăng khả năng khí động học cho xe. Kính gió của ZX10R không nhô cao như đời trước nhưng gọn gàng. Kawasaki ZX-10R mới 2023 thiết kế phần đuôi được thay đổi với ốp yên phụ cơ bắp hơn bản cũ, đèn hậu của phiên bản mới cũng là loại đèn LED với thiết kế giống hệt mẫu Z1000 hiện nay.  Kawasaki ninja zx-10r - 5  Bảng đồng hồ điện tử Kawasaki ZX-10R 2023 cũng thay đổi giao diện đồng hồ tốc độ với loại màn hình TFT 4,3 inch mới, cho phép kết nối điện thoại thông minh, thay đổi độ sáng màn hình tùy vào điều kiện thực tế để hiển thị thông tin tốt hơn như ODO, các trip chạy và các Mode vận hành trên xe. Xe ZX-10R 2023 trang bị trợ lực cổ Ohlins.  Kawasaki ninja zx-10r - 6  Bình xăng ZX-10R 2023 có dung tích 17 lít, mức tiêu hao nhiên liệu khoảng 9-10 km/lít trong thành phố, 14 km/lít trên xa lộ. Nếu đổ đầy xăng, cự ly hành trình đạt gần 300 km.  Kawasaki ninja zx-10r - 7  Ninja ZX-10R 2023 có chiều cao tới yên 835 mm khiến những người có chiều cao dưới 1,7 m gặp một chút khó khăn khi chống chân.  Kawasaki ninja zx-10r - 8  Hệ thống ống xả ZX-10R mới 2023 với tấm chắn nhiệt khá an toàn, đạt tiêu chuẩn Euro 4, lượng khí thải CO2 là 162 g/km.  Kawasaki ninja zx-10r - 9  Kawasaki ZX-10R 2023 được trang bị bộ mâm 3 chấu hợp kim, lực hãm của xe bắt nguồn từ hệ thống phanh Brembo M50 4 piston, đúc bằng nhôm nhằm giảm trọng lượng kết hợp với hệ thống phanh đĩa đường kính 330 mm phía trước và 220 mm phía sau. ZX-10R 2023 sử dụng phuộc Balance Free Fork đường kính 43 mm có thể tăng chỉnh của Showa với xy-lanh khí nén sơn màu bạc khác biệt. Kawasaki ZX-10R đang được bán thông qua hệ thống cửa hàng bán xe và dịch vụ sửa chữa do Kawasaki ủy nhiệm tại Việt Nam trên toàn quốc với chế độ bảo hành chính hãng.'),
(30, 'HAYABUSA', 'HAYABUSA.jpg', 610000000, 560000000, 7, 7, 1, 'HAYABUSA – Đơn giản là đẳng cấp     Được mệnh danh là thần gió với tốc độ tối đa lên đến 320 km/h, “Chim ưng” Hayabusa thực sự là một siêu mô tô độc nhất không lẫn với bất cứ siêu xe nào trong phân khúc mô tô phân khối lớn.     Hayabusa khắc hoạ kiểu dáng lướt gió khí động học độc đáo tạo nên một siêu mô tô đậm chất thể thao mạnh mẽ, cực kỳ hầm hố ngay từ cái nhìn đầu tiên và không kém phần tinh tế khi đi sâu vào các chi tiết thân xe.     Nói đến Hayabusa là nói đến tốc độ. Hiệu năng “khủng” và kiểu dáng vượt thời gian đã đưa Hayabusa nghiễm nhiên trở thành một huyền thoại bất tử trong sân chơi mô tô phân khối lớn đầy khó nhằn luôn là nơi cạnh tranh gay gắt của các hãng xe hàng đầu thế giới.       Hayabusa lần đầu tiên chính thức được Việt Nam Suzuki phân phối chính hãng kể từ 10/2012 với 2 màu kinh điển:'),
(31, 'HONDA CBR1000RR FIREBLADE', 'cbr1000rr.jpg', 560000000, 521000000, 5, 1, 1, 'Xe Mô tô Honda CBR1000RR Fireblade 2021 | Giá xe CBR1000RR Fireblade 2021 mới nhất hôm nay tại Việt Nam.  Vừa qua mẫu xe Superbike của hãng Honda CBR1000RR Fireblade thuộc 1 trong 9 mẫu xe PKL đã đươc bán chính thức tại thị trường Việt Nam. CBR1000RR FireBlade mới 2021 nhập khẩu trực tiếp từ thị trường Nhật Bản đã được tinh chỉnh lại so với thế hệ trước với cấu trúc khung sườn nhẹ hơn, động cơ và hệ thống điện tử nâng cấp đang khiến giới biker Việt Nam cảm thấy thích thú.  Honda cbr1000rr fireblade - 1  Mẫu xe PKL Honda CBR1000RR Fireblade 2021 được bán tại Showroom  Xe môtô Honda CBR1000RR Fireblade mới phiên bản tiêu chuẩn cùng với 2 phiên bản tùy chọn là SP, SP 2 được xem là mẫu xe thương mại mạnh nhất hiện nay của hãng Honda và là đối thủ cạnh trạnh trực tiếp với các đối thủ khác như Yamaha R1, Ducati 1199 Panigale, BMW S1000RR. Môtô PKL CBR1000RR FireBlade mới 2021 xuất hiện lần đầu tiên tại triển lãm EICMA 2016 tại Milan, Italy sau đó ra mắt thị trường Đông Nam Á tại Vietnam Motorcycle Show 2017 được thay đổi rất nhiều từ ngoại hình tới những công nghệ bên trong với thiết kế khí động học, sác xảo góc cạnh hơn.   Tại sự kiện khai trương Showroom Honda Moto Việt Nam, theo như công bố giá xe CBR1000RR Fireblade 2021 sẽ có giá 560.000.000 VNĐ (đã bao gồm VAT, chưa bao gồm các khoản phí khác) với 2 màu tùy chọn Đen nhám (Black Metallic) và Đỏ ( Grand Prix Red). Đây được xem là mức giá tốt nhất hiện nay nếu so với các đồi thủ khác. Tại thị trường Ấn Độ mẫu Sportbike CBR1000R 2021 bản Fireblade theo như Honda Motorcycle & Scooter India (HMSI) công bố giá bán khởi điểm vào khoảng 17,61 lakh (618 triệu đồng).  Honda cbr1000rr fireblade - 2  So với thế hệ cũ trước đó, mẫu xe Honda CBR1000RR Fireblade mới nhất sở hữu khối động cơ đã được tinh chỉnh hoàn toàn giúp xe vận hành mạnh mẽ hơn với động cơ DOHC 4 xy-lanh thẳng hàng, dung tích 998 cc làm mát bằng dung dịch, Tỷ số đường kính của xy lanh với hành trình pit tông vẫn được duy trì ở mức 76 x 55,1 mm, nhưng tỷ lệ nén đã tăng từ 12.3:1 lên 13:1, sản sinh công suất tối đa lên đến 189 mã lực tại vòng tua 13.000 vòng/phút (với việc thay đổi của hệ thống bánh răng làm thay đổi tỷ số truyền, cụm lọc gió mới, họng hút gió có kích thước tăng 2mm, áp lực phun nhiên liệu tăng 14% nên chiếc xe mới đã được nâng vòng tua lên thành 13.000 v/p thay vì chỉ 12.500 v/p như ở phiên bản cũ), và mô-men xoắn cực đại là 116 Nm tại vòng tua 11.000 vòng/phút kết hợp với đó là hộp số 6 cấp độ, bộ nồi chống trượt bánh khi dồn số gấp (slipper clutch) và hệ thống Quick shift 2 chiều.  Honda cbr1000rr fireblade - 3  CBR1000RR Fireblade 2021 sở hữu phong cách thể thao hơn được đánh giá có thiết kế vô cùng ấn tượng gợi nhớ lại huyền thoại CBR1000RR 2004 khi mới xuất hiện với thiết kế và công nghệ làm thay đổi ngành công nghiệp chế tạo siêu mô tô. Chiều dài x rộng x cao lần lượt là 2,065mm x 720mm x 1125mm, chiều dài cơ sở 1405 mm, khoảng sáng gầm 130 mm, chiều cao yên 832 mm, trọng lượng khô 195 kg nhẹ hơn hầu hết các mẫu xe các trong cùng phân khúc xe thể thao 1.000 phân khối, chỉ thua mỗi Ducati 1299 Panigale 190,5 kg.  Honda cbr1000rr fireblade - 4  CBR1000RR Fireblade phiên bản 2021 có thiết kế đầu đèn cực ấn tượng, hiện đại với hệ thống đèn pha đôi góc cạnh Full LED mỏng hơn, sắc cạnh, khác biệt so với các thế hệ CBR1000RR trước đây. Nhìn kỹ bên dưới đầu đèn có chi tiết nhựa nhô ra như cánh gió thiết kế khí động học, gương chiếu hậu tích hợp đèn xi-nhan báo rẽ dạng LED.  Honda cbr1000rr fireblade - 5  Đươc Honda tập trung vào yếu tố khí động học nên phần quây của mẫu Sportbike đã được tinh chỉnh lại giúp xe tối ưu hơn về độ cản gió tương tự như mẫu RC213V-S. Bên cạnh đó bộ khung xe Honda CBR 1000RR Fireblade đã được tinh chỉnh tăng khả năng chịu kéo 10%, đồng thời giảm 0.5 kg so với thế hệ cũ nhưng vẫn duy trì độ cứng xoắn vốn có.  Honda cbr1000rr fireblade - 6  Tương tự như siêu phẩm RC213V-S, mẫu PKL CBR1000RR mới vẫn sử dụng hệ thống đồng hồ dạng TFT hiển thị tất cả thông tin cần thiết, đi cùng khả năng tự động điều chỉnh độ sáng theo môi trường xung quanh với ba kiểu hiển thị: Street, Circuit và Mechanic. Trong đó, Mode Street sẽ hiển thị các chế độ lái (Mode 1, 2, 3, User 1 và User 2) được hỗ trợ với các thiết lập của Power Selector.  Honda cbr1000rr fireblade - 7  Xe được trang bị bình xăng dung tích 16 lít, với logo Honda có thiết kế sắc xảo.Với mục đích ưu tiên cho tốc độ, Honda đã tập trung giảm trọng lượng tổng thể khi bình xăng CBR1000RR 2021 khá nhỏ nhằm giảm trọng lượng kết hợp nhiều chi tiết trên xe sử dụng chất liệu Magie và titan, bình điện Lithium-ion nhẹ hơn 1 nửa so với bình cũ.  Honda cbr1000rr fireblade - 8  Dàn đuôi sau được thiết kế thể thao, yên sau khá nhỏ, dàn đèn hậu nhỏ và mỏng, chiếu sáng bằng đèn LED nổi bật. Cụm xi-nhan tách rời nhưng thiết kế khá gọn. đèn hậu cũng sử dụng công nghệ LED có thiết kế bắt mắt.  Honda cbr1000rr fireblade - 9  Phiên bản tiêu chuẩn Honda CBR1000RR Fireblade 2021 được trang bị hệ thống giảm xóc trước Showa BPF đường kính 43 mm, hành trình nhún 120 mm, góc nghiêng 23 độ giúp cải thiện độ ổn định cho xe. Giảm sóc sau sử dụng Monoshock Pro-Link 10 nấc cân bằng Balance Free Rear (BFR), hành trình nhún 138.2 mm. CBR1000RR Fireblade mới được trang bị hệ thống đo lường quán tính Inertial Measurement Unit (IMU), kiểm soát mô men xoắn 9 cấp Honda Selectable Torque Control (HSTC), RLC (chống nhấc đuôi sau), Wheelie Control (kiểm soát bốc đầu), Engine Brake Control (phanh động cơ) giúp tối đa hóa khả năng vận hành của xe.  Honda cbr1000rr fireblade - 10  Do được sản xuất tại thị trường Nhật Bản phải chịu những quy định nghiêm ngặt về tiêu chuẩn khí thải Euro4 nên hệ thống ống xả 4-2-1 có thiết kế khá to với tấm chắn nhiệt cách xa, đảm bảo an toàn nhưng bù lại do sử dụng chất liệu Titanium giúp giảm trọng lượng đáng kể cho xe.  Honda cbr1000rr fireblade - 11  Mẫu xe môtô CBR 1000RR Fireblade 2021 được Honda trang bị hệ thống phanh đĩa kép trước đường kính 320 mm/heo dầu đối xứng Tokico 4 Piston, mâm xe Marchesini sử dụng hợp kim nhôm 5 chấu nhẹ hơn với kích thước bánh trước/sau 120/70ZR17 58W và 190/50ZR17 73W, gấp sau đã được thiết kế lại khi tăng độ cứng nhưng lại giảm 300 gram trọng lượng với mục đích giúp xe được linh hoạt hơn khi vào cua so với bản tiền nhiệm.'),
(32, 'BURGMAN STREET 125', 'BURGMAN STREET 125.jpg', 49500000, 34000000, 7, 7, 2, 'Suzuki Burgman Street 125 2023 | Giá xe Burgman Street |  Giá xe Suzuki Burgman Street 125 mới nhất hôm nay 2023  Burgman Street 125 là mẫu xe ga được Suzuki định vị cho nam giới, có thiết kế to lớn và góc cạnh tương tự Yamaha NVX. Mới đây Burgman Street phiên bản 2023 đã chính thức xuất hiện với giá 49.500.000 (đã bao gồm VAT, chưa tính các khoản phí khác) với 3 màu tùy chọn Xám - Trắng - Đen. Xe tay ga Suzuki Burgman Street sử dụng hàng loạt trang bị công nghệ hiện đại, đáp ứng hoàn hảo những kỳ vọng về một mẫu xe tay ga thể thao sang trọng.  Burgman street 125 - 1  Suzuki Burgman Street 125 thể hiện phong cách cá tính  Lấy ý tưởng từ mẫu xe tay ga huyền thoại của hãng Suzuki trong thập niên 90, mẫu xe Suzuki Burgman Street 2023 ngày càng khẳng định vị thế vững chắc trong phân khúc maxi-scooter tầm trung, dẫn đầu về sự mạnh mẽ, phong độ và các tính năng hiện đại.    Với sự ra mắt của Burgman Street mới 2023 tại thị trường Việt Nam cho thấy sức hút mạnh mẽ của các dòng xe vừa thuận tiện di chuyển trong thành thị lại đủ thoải mái và giàu nội lực để thưởng ngoạn đường dài với phong cách khác biệt ngày càng gia tăng.  Burgman street 125 - 2  Suzuki Burgman Street 2023 có chiều dài tổng thể 1.880 mm, chiều rộng 715 mm, chiều cao 1.140 mm và độ cao yên xe 780 mm với cân nặng 110 kg. Burgman Street có thiết kế hiện đại với mặt đồng hồ Full LCD hiển thị mọi thông số cho người lái dễ dàng nắm bắt thông tin vận hành khi trời tối.  Burgman street 125 - 3  Điểm mạnh của Suzuki Burgman Street 125 là hệ thống đèn định vị và đèn hậu LED, Burgman Street trở nên hoàn hảo và hiện đại, tiết kiệm điện, độ phủ sáng xa hơn, giúp dễ dàng điều khiển xe vào ban đêm.  Burgman street 125 - 4  Ở phía sau cụm đèn hậu xe ga Burgman Street 125 với các họa tiết vòng tròn giao thoa kết hợp cùng đèn xi nhan vuốt gọn mang lại nét sắc xảo và tạo ấn tượng mạnh từ phía sau.  Burgman street 125 - 5  Yên xe tay ga Burgman Street 125 có chiều cao 780 mm, phù hợp với đa số người dùng Việt. Thiết kế yên dạng 2 tầng được trang trí với đường chỉ khâu màu đỏ tạo điểm nhấn.  Burgman street 125 - 6  Hãng Suzuki còn tinh tế khi tham thắt những chi tiết như ốp mạ crôm cả ở phía trước và phía sau tạo ấn tượng sang trọng cao cấp.  Burgman street 125 - 7  Kính chắn gió gắn trên thân xe Burgman Street 125 2023 giúp giảm sức gió và cải thiện tính khí động học cho xe.  Burgman street 125 - 8  Xe tay ga Burgman Street 125 không có công tắc đèn, cụm công tắc bên phải chỉ có duy nhất nút khởi động tích hợp nút tắt động cơ. Để khởi động động cơ Burgman Street 125, người lái chỉ cần một lần nhấn vào nút đề, mô tơ đề sẽ tự động quay đến khi máy nổ giống như các xe ô tô đời mới.  Burgman street 125 - 9  Xe Burgman Street 125 sử dụng động cơ làm bằng hợp kim nhôm, ứng dụng công nghệ SEP (Suzuki Eco Performance), SEP phun xăng điện tử, dung tích 125 cc, SOHC, làm mát bằng không khí. Khối động cơ này cho công suất 8,5 mã lực tại 6.760 vòng/phút, mô-men xoắn cực đại 10,5 Nm tại 5.500 vòng/phút.  Burgman street 125 - 10  Ngăn chứa đồ cá nhân trên Burgman Street 125 nằm ở phần yếm sau và ngay trung tâm thân xe, tối đa không gian sử dụng và rất tiện lợi. Việc cất giữ đồ dùng cá nhân trở nên dễ dàng với dung tích khoang chứa đồ dưới yên xe 21,5L, tiện dụng và an toàn.  Burgman street 125 - 11  Cốp nhỏ phía trước Suzuki Burgman Street 125 tiện ích hoàn hảo cho việc cất giữ những vật dụng nhỏ như chai nước, điện thoại. Ngăn bên trái có nắp đậy với 1 ổ cắm DC tiêu chuẩn.  Burgman street 125 - 12  Hệ thống ống xả thời trang, thể thao với thiết kế hướng lên mạnh mẽ như những xe tay ga phân khối lớn.  Burgman street 125 - 13  Việc đóng mở nắp khóa rất tiện lợi và nhanh chóng với thao tác tra vào xoay chìa để mở khóa và đóng nắp với chỉ 1 lần ấn nút.  Burgman street 125 - 14  Xe tay ga Suzuki Burgman Street 125 đang được bán chính thức ra thị trường thông qua hệ thống cửa hàng bán xe và dịch vụ sửa chữa do Suzuki Ủy nhiệm trên toàn quốc với chế độ bảo hành chính hãng Suzuki.'),
(33, 'NOZZA GRANDE 2014', 'NOZZA GRANDE 2014.jpg', 28990000, 27000000, 1, 2, 2, 'Xe ga Yamaha Nozza Grande STD, Nozza grande DX 2014 - Giá cả và hình ảnh chi tiết, đánh giá xe Nozza Grande 125 2014 trang bị động cơ Blue Core mới.  Nozza grande 2014 - 1  Sáng 19/7, tại trung tâm hội nghị Grand Palace, quận Tân Bình, TP.HCM, Yamaha Việt Nam đã tổ chức buổi lễ ra mắt dòng xe tay ga mới của hãng với tên gọi Nozza Grande. Đây là một mẫu xe tay ga cao cấp, hướng tới đối tượng khách hàng nữ giới thành đạt tại các thành phố lớn.​ ​ Nozza grande 2014 - 2  Những nét nổi bật trên Nozza Grande 125 là thiết kế thời trang, khả năng vận hành dễ dàng cho các bạn nữ, động cơ Blue Core thế hệ mới, các tính năng tiện ích và thiết kế thân thiện nhằm đáp ứng nhu cầu của nhiều người dùng khác nhau.  Nozza grande 2014 - 3  Ở phần đầu, các bạn có thể nhận thấy sự khác biệt giữa Nozza và Grande là cụm đèn pha, đèn xi nhan và khối chữ T giữa yếm xe. Ở Grande cụm đèn pha được thiết kế theo hình ngũ giác, đèn xi nhan chạy dọc theo yếm xe, lớn hơn, và ở chữ T có một đèn LED, sáng lên khi bạn bật đèn đề-mi hoặc bật đèn pha, Yamaha gọi là đèn định vị. Trong khi đó ở Nozza thì đèn pha hình bầu dục, 2 đèn xi nhan nhỏ hơn và lệch ra hai bên, cụm chữ T cũng nhỏ hơn.  Nozza grande 2014 - 4  Kính chiếu hậu của Grande được mạ bóng bẩy theo kiểu ánh kim, còn kính của Nozzavẫn là loại nhựa đen thông thường.  Nozza grande 2014 - 5  Cụm đồng hồ của Grande gồm 2 cụm, 1 đồng hồ đo tốc độ analog bên trên, bên dưới là màn hình LCD hiển thị các thông số như xăng, ODO, hành trình,...  Nozza grande 2014 - 6  Phần đèn hậu của Nozza và Grande cũng hoàn toàn khác biệt. Đèn hậu của Nozza vẫn không thay đổi nhiều so với phiên bản cũ với đèn hậu hình chữ V ở giữa và 2 đèn xi nhan 2 bên, đèn hậu hơi lồi lên.  Nozza grande 2014 - 7  Đèn hậu của Grande đẹp hơn nhiều, với một cụm đèn lớn hình chữ nhật hơi lõm phần đỉnh, có thanh hình chữ V chạy ngang, mạ crôm sáng. Hai đèn xi nhan bố trí hơn xéo lên phía yên xe.  Nozza grande 2014 - 8  Khung sườn của xe Grande được kết hợp từ những ống thép đường kính lớn và có độ cứng cao, đặc biệt là trọng lượng nhẹ. Trọng lượng khô của Grande chỉ có 99kg, một mức khá lý tưởng cho các bạn nữ. Các yếu tố này giúp xe có thể vận hành nhẹ nhàng, linh hoạt, đặc biệt là trong điều kiện đô thị đông đúc.  Nozza grande 2014 - 9  Ngoài ra, việc tận dụng tốt không gian trống, các kỹ sư của Yamaha đã tạo ra được một ngăn chứa đồ lớn, với dung tích lên đến 27 lít, bỏ vừa 2 nón bảo hiểm và đồ dùng cá nhân của các bạn gái.  Nozza grande 2014 - 10  Ngăn chứa đồ của Grande có thể được mở chỉ bằng một nút bấm ngay trên cụm ổ khoá của xe.  Nozza grande 2014 - 11  Grande được trang bị bánh xe 12”, rộng 110mm, sử dụng chất liệu mới cho khả năng bám đường tốt hơn. Mâm xe là loại mâm đúc 6 chấu, ở Nozza thì chỉ có 3 chấu.');
INSERT INTO `sanpham` (`id_sanpham`, `tensp`, `anhsanpham`, `giasanpham`, `gia_nhap`, `id_nhacungcap`, `id_hangsp`, `id_loaisp`, `mota_sp`) VALUES
(34, 'M1000RR 2023', 'M1000RR 2023.jpg', 1600000000, 1580000000, 8, 8, 1, 'BMW M1000RR 2023 | Giá xe M1000RR | Xe Mô tô BMW M1000RR mới nhất hôm nay 2023  Vừa qua mẫu xe moto BMW M1000RR 2023 thuộc phân khúc SuperBike đã được BMW Motorrad và THACO chính thức đem về Việt Nam. M1000RR mới nhất 2023 là một phiên bản xe có hiệu suất cao được phát triển dựa theo phiên bản thương mại của BMW S1000RR đang có mặt trên thị trường nhưng đã được hãng BMW nâng cấp hàng loạt công nghệ hiện đại hơn nhằm tối ưu hóa tính trải nghiệm của người dùng.  M1000rr 2023 - 1  Giá xe BMW M1000RR mới nhất 2023 tại Việt Nam  BMW M1000RR mới nhất 2023 là mẫu xe hoàn toàn mới kể từ sau phiên bản S1000RR đầu tiên được ra mắt vào năm 2013 cho tới nay. M1000RR đời 2023 đã được nâng cấp lên một tầm cao mới ở mọi khía cạnh từ khung sườn, công nghệ tiên tiến cho tới diện mạo hiện đại. Xe PKL M1000RR 2023 là phiên bản sở hữu động cơ cực mạnh cùng vị trí ngồi thuần Sport nhất đây sẽ là một sự lựa chọn thích hợp với những ai có đam mê các dòng thuần Sportbike.  Tính tới thời điểm hiện tại, M1000RR mới là mẫu xe mô tô hiệu suất cao xếp trên BMW S1000RR và dưới BMW HP4 với nhiều nâng cấp từ kiểu dáng cho đến công nghệ. Giá xe BMW M1000RR 2023 nhập khẩu Châu Âu bán chính hãng tại thị trường VN theo đơn đặt hàng với 6 chiếc cho lô hàng đầu tiên. Theo tìm hiểu, giá xe M1000RR 2023 mới nhất hôm nay tại các đại lý chính hãng Việt Nam hiện đang có giá bán ra 1.600.000.000 VNĐ (Đã bao gồm VAT, chưa tính các khoản phí thuế phải đóng khác) cho 2 tùy chọn đã được nhập khẩu và phân phối chính hãng qua hệ thống BMW Motorrad Việt Nam, bao gồm:  M1000rr 2023 - 2  - BMW M1000RR 2023 bản tiêu chuẩn màu Light White/M Motorsport  - BMW M1000RR 2023 bản nâng cấp với gói độ M Competition Package   Có thể nói giá xe BMW M1000RR tại thị trường Việt Nam có phần cao hơn các thị trường khác và là đối thủ cạnh tranh trực tiếp với mẫu xe Honda CBR1000RR-R SP. Đây được xem là mẫu xe rất đáng để sở hữu với những công nghệ mà hãng BMW đem lại cho người dùng. Giá xe moto BMW M1000RR 2023 tại thị trường Malaysia tham khảo có mức giá hơn 60.000 USD tùy theo phiên bản.  Cùng Giaxe.2banh.vn tìm hiểu chi tiết mẫu xe phân khối lớn M1000RR 2023 của hãng BMW có gì mới nhé !!!  Đánh giá chi tiết BMW M1000RR mới nhất 2023 có gì ? Tổng thể thiết kế xe môtô BMW M1000RR mới 2023 mang theo những lý tưởng của BMW M vào phân khúc superbike giúp thể hiện trọn vẹn tính thể thao của một chiếc Sport bike thực thụ hứa hẹn giúp các Biker có trải nghiệm hoàn toàn mới. M1000RR phiên bản mới thừa hưởng nhiều chi tiết kỹ thuật từ S1000RR với phần đầu xe thấp và đuôi xe vuốt cao giúp tối ưu tính khí động học và tạo điểm nhấn linh hoạt, khác biệt cho xe. Cụm đèn pha bất đối xứng được thay thế bằng thiết kế mới nhỏ gọn hơn, mặt trước ngắn hơn giúp M1000RR hầm hố và “cơ bắp” hơn đáng kể.  M1000rr 2023 - 3  M1000RR đời 2023 có chiều Dài x Rộng x Cao lần lượt từ 2.073 x 848 x 1.197 mm, chiều dài cơ sở 1.457 mm, yên cao 832 mm và trọng lượng khô ở mức 192 kg nhẹ hơn so với phiên bản S1000RR mới ra mắt trước đó không lâu.  M1000rr 2023 - 4  Ở thế hệ mới nhất mẫu xe BMW M1000RR mới 2023 được trang bị khối động cơ 4 xi-lanh thẳng hàng dung tích, 999cc sản sinh công suất tối đa 209 mã lực và mô-men xoắn cực đại 113 Nm, tăng 5 mã lực so với mẫu S1000RR. Tuy nhiên, BMW Motorrad cho biết xe được cải thiện sức mạnh trong dải vòng tua 6.000 - 15.100 vòng/phút và đặc biệt phù hợp với động lực lái xe trên đường đua.  M1000rr 2023 - 5  Theo BMW cho biết, mẫu moto M1000RR 2023 đã được trang bị pít-tông mới, buồng đốt được tinh chỉnh và các tay biên bằng titan. Ngoài ra, tỷ số nén của động cơ cũng được tăng lên, cánh tay đòn nhẹ hơn, ống xả bằng titan và các cổng nạp được gia công hoàn toàn với hình dạng mới.  M1000rr 2023 - 6  Xe moto M1000RR 2023 đã được hãng BMW trang bị bộ truyền động thế hệ mới với công nghệ van biến thiên Shiftcam của BMW Motorrad giúp M1000RR vận hành trơn tru ở dải vòng tua thấp, các cấp số 4, 5 và 6 được kéo dài thêm nhằm tiết kiệm nhiên liệu và mang đến cảm giác êm ái hơn.  M1000rr 2023 - 7  Thiết kế tổng thể phần đầu xe BMW M1000RR thế hệ mới 2023 trở nên mới lạ nhờ cụm đèn chính dạng \"mắt lé\" không còn được áp dụng, thay vào đó là cụm đèn vuốt nhọn và thể thao hơn. Cặp đèn đối xứng dạng gương cầu lồi (projector) kèm các dải LED ban ngày. Hốc hút gió chữ Y ở phần đầu tách đầu xe thành 2 mảng riêng biệt.ng chờ nhất hiện nay.  M1000rr 2023 - 8  Trên BMW M1000RR thế hệ mới thừa hưởng khung sườn Flex Frame đã giúp cho xe nhẹ hơn 1,3 kg so với bản tiền nhiệm. Có thể nói M1000RR hoàn toàn mới được xem là chiếc Sportbike nhẹ nhất phân khúc hiện nay với trọng lượng ướt của xe chỉ 192 kg, nhẹ hơn phiên bản tiền nhiệm 3 kg. Điều đó không chỉ giúp M1000RR hoàn toàn mới linh hoạt mà còn tối ưu công suất và gia tăng khả năng kiểm soát xe cho người điều khiển.  M1000rr 2023 - 9  So với thế hệ tiền nhiệm, BMW M1000RR 2023 đã có sự thay đổi khá rõ rệt trong thiết kế. Ghi-đông đã được tinh chỉnh lại giúp người lái có trải nghiệm thuần Sportbike nhất. Chìa khóa thông minh là trang bị tùy chọn chỉ nằm trong gói M Sport.  M1000rr 2023 - 10  Trên M1000RR mới nhất 2023 còn được trang bị cánh gió bằng sợi carbon giúp tăng lực ép của xe xuống mặt đường qua đó giúp cải thiện khả năng tăng tốc cũng như phanh cùng độ ổn định của xe khi vào cua đột ngột. Mong muốn mang đến trải nghiệm lái trên phiên bản này giống như trên đường đua Superbike.  M1000rr 2023 - 11  Là dòng xe cao cấp nhất của BMW nên M1000RR phiên bản mới 2023 được trang bị màn hình tốc độ TFT 6,5 inch tương tự \"người anh em\" S1000RR. Tùy từng mục đích sử dụng, người dùng có thể lựa chọn nhiều chế độ hiển thị khác nhau như Pure Ride Screen hay Core Screen. Phiên bản M Package còn có thêm chế độ Core Screen thể hiện thời gian chạy trong sân đua.  M1000rr 2023 - 12  Dĩ nhiên trên mẫu xe moto cao cấp nhất của hãng BMW không thể thiếu cụm điều khiển Multi-Controller giúp hỗ trợ biker tinh chỉnh các chức năng của xe thuận tiện hơn.  M1000rr 2023 - 13  Ngoài ra trên mẫu xe M1000RR 2023 mới còn được trang bị 4 chế độ lái khác nhau bao gồm Dynamic, Dynamic Pro, Road và Rain, chống trượt DTC, kiểm soát bốc đầu, hỗ trợ phanh khẩn cấp... Đặc biệt, hệ thống kiểm soát phanh động cơ MSR lần đầu tiên xuất hiện trên dòng xe M1000RR. Người lái có thể tùy chỉnh để phù hợp với từng loại địa hình khác nhau trong khi chạy chỉ thông qua một nút bấm đơn giản.  M1000rr 2023 - 14  Mẫu xe Roadster BMW M1000RR được trang bị cụm bình xăng dung tích 16.5 lít với thiết kế nhô cao, các đường nét cắt xẽ chạy dọc theo thân bình xăng kết hợp với các ốp nhựa nhám giúp người lái có thể dể dàng tựa chân vào.  M1000rr 2023 - 15  Yên xe 2 tầng với chiều cao yên 832 mm tùy vào mức điều chỉnh phuộc được thiết kế thể thao cho dáng ngồi thoải mái trên chiếc xe được tạo điểm nhấn với huy hiệu M-Motorsport.  M1000rr 2023 - 16  Trên BMW M1000RR 2023 còn mang đến gói tùy chọn nâng cấp M Package bao gồm các trang bị như đồng hồ tính giờ vòng đua GPS, ốp yên solo phong cách xe đua, núm che lỗ bắt gác chân sau, chắn bùn trước sợi carbon, ốp yếm bằng sợi carbon, ốp che bảo vệ bưởng máy, tay phanh/tay côn chống gãy, gù bảo vệ tay phanh/tay côn, và một số trang bị khác.  M1000rr 2023 - 17  Xe PKL M1000RR mới được cung cấp mâm xe làm tự sợi carbon giúp trọng lượng nhẹ hơn 1,67 kg so với cặp mâm nhôm trên S1000RR và được hỗ trợ bởi hệ thống phanh M giống như trên những chiếc xe hơi M của hãng xe Đức. Hệ thống phanh M có cùm phanh màu xanh lam và được phát triển từ kinh nghiệm của công ty trong giải Superbike World Championship (World SBK).  M1000rr 2023 - 18  Hệ thống ống xã trên xe có thiết kế to bản thể thao phù hợp với tổng thể của xe. Đồng thời hệ thống ống xã trên BMW M1000RR mới đã được tinh chỉnh lại toàn bộ giúp mẫu xe môtô này đạt tiêu chuẩn khí thải cao nhất hiện nay trên toàn thế giới. Ngoài ra, hệ thống ống xả Akrapovic là trang bị tiêu chuẩn trên phiên bản M Package.  M1000rr 2023 - 19  BMW M1000RR 2023 trang bị cặp lốp đa dụng Pirelli Diablo Rosso với kích thước lốp trước 120/70 ZR1 và 200/55 ZR17 ở phía sau. Hệ thống treo gồm phuộc trước hành trình ngược 45 mm và giảm xóc đơn phía sau đã được tối ưu hóa nhằm mang đến góc đánh lái rộng hơn, càng sau cũng được kéo dài thêm 18 mm và chiều cao yên nâng thêm 5 mm.'),
(35, 'SH 2023', 'SH 2023.jpg', 75290000, 71000000, 5, 1, 2, 'Xe SH 2023 | Giá xe SH 2023 | SH 125i 2023 giá bao nhiêu | SH 160i 2023 giá bao nhiêu | Xe máy Honda SH 2023 mới nhất hôm nay  Mới đây Honda Việt Nam đã chính thức giới thiệu mẫu xe tay ga Honda SH 2023 phiên bản mới 2023 tại Việt Nam hứa hẹn sẽ mang lại \"làn gió\" mới cho thị trường xe tay ga dịp cuối năm. Honda SH mới nhất 2023 được coi là phiên bản thay thế hoàn toàn cho dòng xe SH phiên bản trước đó với những sự thay đổi mạnh mẽ cả về thiết kế bên ngoài lẫn nhưng tinh chỉnh công nghệ bên trong giúp đem lại làn gió mới cho người dùng yêu thích mẫu xe ga này.  Sh 2023 - 1  Honda SH 160i 2023 mới vừa ra mắt tại Việt Nam  Xem thêm Giá lăn bánh xe SH 2023 mới nhất hôm nay tại các đại lý Honda Tư vấn mua xe SH trả góp mới nhất hiện nay 2023 Honda SH 2023 có tiết kiệm xăng không? SH 160i Xám xi măng phiên bản Thể thao giá bao nhiêu? Đúng như những tin đồn trước Honda SH thế hệ mới 2023 đã được hãng Honda Việt Nam cho ra mắt phiên bản nâng cấp để làm mới và duy trì sức hút. Theo như công bố Honda SH 125i/160i 2023 sẽ được chính thức bán ra thị trường thông qua các cửa hàng Bán xe và Dịch vụ do Honda Ủy nhiệm (HEAD) trên toàn quốc với thời gian bảo hành 3 năm hoặc 30.000 km (tùy theo điều kiện nào đến trước) với 4 màu sắc Đen - Trắng Đen - Xám Đen - Đỏ Đen.  Thiết kế SH đời 2023 như thế nào có sự thay đổi gì táo bạo hay không? Honda SH 2023 mới có những công nghệ gì? Giá xe SH 160i 2023 và SH 125i 2023 mới dự đoán sẽ có giá bao nhiêu khi bán ra? chắc hẵn là những gì bạn rất muốn tìm hiểu trong thời điểm hiện nay.  Sh 2023 - 2  SH 160i ABS 2023 phiên bản thể thao màu Xám xi măng  Có thể nói dòng xe SH mới nhất 2023 sắp ra mắt nói riêng và dòng Honda SH nói chung luôn thu hút sự quan tâm rất lớn của người dùng bởi xe tay ga SH vốn là dòng xe cao cấp ăn khách tại thị trường Việt Nam. Ra mắt SH bản mới 2023 chính là cách để Honda mang trải nghiệm mới cho khách hàng nhằm tăng doanh số trong đợt bán hàng cuối năm.  Giá xe Honda SH mới 2023 có giá bao nhiêu tại đại lý? Honda SH 2023 mới ra mắt dự đoán sẽ tiếp tục được nhiều đối tượng khách hàng yêu thích nhờ vào việc biết chiều lòng khách hàng khi liên tục nâng cấp ở thiết kế ngoại thất củng như chi tiết nội thất bằng cách tích hợp các công nghệ mới. Chính vì vậy mẫu xe tay ga Honda SH kể từ khi ra mắt cho tới nay luôn bị làm giá khi đến tay người tiêu dùng. Do đó câu hỏi “SH 2023 mới ra mắt giá bao nhiêu” luôn được người dùng quan tâm tìm hiểu bởi sẽ không có gì ngạc nhiên nếu SH 2023 phiên bản mới lại có giá bán ra cao hơn so với phiên bản tiền nhiệm hiện nay với những tính năng mà mẫu xe này sắp được trang bị cực kỳ đáng giá.  Sh 2023 - 3  SH 160i 2023 ABS phiên bản Đặc biệt màu Đen xám  Dòng xe ga Honda SH đã trải qua hơn 30 năm kể từ lần đầu được ra mắt vào năm 1984 cho tới nay  với nhưng thay đổi mang đậm phong cách thiết kế hiện đại,  tiện nghi hơn, trang bị an toàn tiên tiến cùng khả năng vận hành đã được cải thiện đáng kể. Dòng xe tay ga SH 160i 2023 và 125i gần như không có đối thủ ở phân khúc scooter cao cấp bất chấp các đối thủ cạnh tranh khác dù sở hữu những tính năng hiện đại nhưng chưa thể giành giật được thị phần từ mẫu xe ga cao cấp của hãng Honda.  Hiện tại giá xe SH 2023 đã được công bố chính thức với giá đề xuất từ hãng Honda từ 75,3 đến 102 triệu đồng tuy nhiên do việc kê cao giá ở phiên bản SH 2023 hiện tại so với giá bán lẻ đề xuất vượt ngưỡng từ 8-15 triệu đồng tùy phiên bản, khu vực và từng đại lý khiến người dùng e ngại giá xe SH 2023 tại đại lý có thể tăng tịnh tiến theo.   Xe tay ga Honda SH 2023 thiết kế màu sắc mới thể thao Honda SH mới 2023 giờ đây vẫn giữ nguyên kiểu dáng cơ bản hiện nay nhưng có thêm tem xe thể thao, màu sơn mới đi cùng những tinh chỉnh nhỏ với các chi tiết xi nhan, đèn pha khác biệt về vị trí so với bản hiện hành nhằm đem lại làn gió mới cho người dùng. kích thước Dài x Rộng x Cao trên mẫu SH 2023 đời mới lần lượt là 2.090mm x 739mm x 1.129mm, khoảng cách trục bánh xe 1.353mm, độ cao yên ở mức 799mm, khoảng sáng gầm xe 146mm, trọng lượng ở mức 133 kg cho SH 2023 phiên bản ABS và 134 kg cho phiên bản CBS.  Sh 2023 - 4  Về sức mạnh động cơ có thể trên Honda SH đời 2023 vẫn sử dụng động cơ eSP+ thế hệ mới, 4 van, 4 kỳ, xy-lanh đơn, làm mát bằng dung dịch & tích hợp những công nghệ tiên tiến nhất: tính năng kiểm soát lực xoắn HSTC được trang bị trên phiên bản SH 2023 ABS đi cùng hệ thống phun xăng điện tử PGM-FI, động cơ tích hợp bộ đề ACG, Hệ thống ngắt động cơ tạm thời Idling-Stop trước đó…. giúp xe vận hành ổn định và tiết kiệm nhiên liệu. Ngoài ra mẫu xe ga SH 2023 còn được nâng cấp cho công suất và lực kéo tốt hơn thế hệ cũ, SH 125i đạt công suất 12,2 mã lực và SH 160i là 16,2 mã lực.  Sh 2023 - 5  Ở thiết kế bên ngoài của xe SH 2023 theo những thông tin có được sự thay đổi rất lớn nằm là ở phần đầu xe. Cụ thể, cụm đèn pha của SH 2023 không còn nằm ở vị trí trên cao như hiện nay mà được chuyển xuống dưới và là đèn pha LED đôi.  Sh 2023 - 6  Cụm đèn xi nhan trên SH thế hệ mới 2023 rất có thể sẽ nằm ở phần trên mặt nạ trước như kiểu của xe Lead hiện nay.  Cụm đồng hồ LCD hiển thị được thiết kế mới được chia thành 4 phần khác nhau với vị trí trung tâm hiển thị tốc độ, thời gian, tình trạng bình ắc-quy... Một màn hình nhỏ ở phía dưới thông báo quãng đường đã di chuyển và mức tiêu hao nhiên liệu, phía 2 bên là các đèn báo các chức năng như ABS, đèn báo rẽ, đèn pha.....  Sh 2023 - 7  Cụm công tắc 4 chiều trên SH mới nhất 2023 có khả năng kết nối bluetooth với các thiết bị di động cũng như bố trí lại giúp người dùng có thể quan sát dễ dàng hơn. Honda SH mới 2023 cũng được trang bị kết nối thông minh với smartphone thông qua Bluetooth giúp xe có thể thông báo cuộc gọi, tin nhắn SMS/SNS trên màn hình đồng hồ xe với ứng dụng My Honda+ trên điện thoại thông minh (thiết bị Apple iOS và Google Android).  Sh 2023 - 8  Bên cạnh đó trên xe tay ga SH 2023 ở hai bên thân xe có sự thay đổi nhẹ với tiêu chí gần gũi hơn với giới trẻ, mẫu xe mới này nhiều khả năng cũng có những cải tiến ở phần ống xả để bộ phận này trở nên bắt mắt hơn, tay xách cũng sẽ có thiết kế mới thể thao hơn.  Sh 2023 - 9  Cụm đèn hậu trên SH 2023 cả 2 phiên bản ABS và CBS cũng sẽ thay đổi hoàn toàn khi được chia làm 2 tầng bởi viền mạ crôm, phía trên là đèn xi nhan, phía dưới là đèn tín hiệu phanh.  Sh 2023 - 10  Theo như dự đoán trên Honda SH 2023 thế hệ mới vị trí đổ xăng sẽ được đưa ra ngoài cốp lên phía thân trước giúp cốp xe rộng hơn so với đời cũ. Ngoài ra, phần cổng sạc USB được đưa vào trong cốp thay vì ở mặt trước như hiện tại.    Sh 2023 - 11  Mẫu xe ga Honda SH mới nhất 2023 với sự thay đổi mạnh về thiết kế ngoại thất nên đã được Honda chỉnh sửa khung xe SH thế hệ mới 2023 cho phù hợp hơn. Bình chứa nhiên liệu được dời xuống phía dưới vị trí để chân của người lái, giúp tăng thể tích cốp chứa đồ từ 18 lít ở thế hệ trước lên thành 28 lít.  Honda SH 160i/125i 2023 đều được trang bị hệ thống phanh chống bó cứng ABS 2 kênh (trang bị cả phanh trước và sau) trên các phiên bản Cao cấp, Đặc biệt và Thể thao: Trong trường hợp phanh gấp hoặc di chuyển trên đường trơn ướt, hệ thống này sẽ hoạt động giúp ổn định tư thế xe bằng cách chống khóa bánh. Khi cảm biến tốc độ ở bánh xe trước và sau phát hiện xu hướng khóa bánh thể hiện qua việc thay đổi tốc độ nhanh chóng khi di chuyển trên mặt đường dốc, các thiết bị điều khiển máy tính sẽ tính toán, phân bố lực phanh hợp lý nhằm tránh khóa bánh.  Sh 2023 - 12  Với những thông tin chính thức về Honda SH 125i/160i 2023 vừa được công bố bởi hãng Honda Việt Nam hy vọng người yêu thích mẫu xe Scooter này có thêm nhiều sự lựa chọn hơn trong dịp mua sắm cuối năm.   Honda SH 2023 phiên bản mới đã chính thức bán ra thị trường thông qua các cửa hàng bán xe và dịch vụ sửa chữa do Honda Ủy nhiệm (HEAD) trên toàn quốc với thời gian bảo hành 3 năm hoặc 30.000 km tùy theo điều kiện nào đến trước.'),
(36, 'SPEED TRIPLE 1200 RR', 'SPEED TRIPLE 1200 RR.png', 659900000, 623500000, 6, 5, 1, 'Triumph Speed Triple 1200 RR | Giá xe Speed Triple 1200 RR | Giá xe Speed Triple 1200 RR 2023 mới nhất tại Việt Nam  Triumph Speed Triple 1200 RR mẫu xe môtô thế hệ mới vừa được hãng motor Anh Quốc trình làng đã được nâng cấp đáng kể về hiệu suất. Speed Triple 1200 RR được giới phê bình đánh giá là một tuyệt tác nghệ thuật trong làng 2 bánh, là một kết hợp hoàn hảo giữa phong cách Café Race hiện đại và đề cao tính thể thao. Triumph Speed Triple 2023 sẽ được bán ra với 3 phiên bản màu sắc tùy chọn.  Speed triple 1200 rr - 1  Triumph Speed Triple 1200 RR bán chính hãng tại Việt Nam  Triumph Speed Triple 1200 RR là mẫu Roadster mới nhất của nhà Triumph được xây dựng và phát triển dựa trên nền tảng của chiếc nakedbike Speed Triple 1200 RS, thừa hưởng \"tinh hoa\" từ dòng Speed Triple cao cấp nhưng có mức giá hấp dẫn hơn. Vừa qua Speed Triple 1200 RR 2023 mới đã được ra mắt tại thị trường Việt Nam. Giá xe Speed Triple 1200 RR được phân phối chính hãng tại Việt Nam với 2 màu Đỏ và Trắng, đi kèm giá bán lẻ đề suất là 659.900.000 Đồng, kèm chế độ bảo hành 2 năm không giới hạn số km. Bên cạnh đó khách hàng mua xe còn được nhận ngay nhiều ưu đãi có giá trị.   Speed Triple 1200 RR 2023 mẫu xe Roadster được xem là đối thủ \"nặng ký\" nhất của Triumph Speed Triple 1200 RR và là đối thủ cạnh tranh trực tiếp với BMW S1000R, Aprilia Tuono V4...v...v... đúng nghĩa được thiết kế với yếm quây nhỏ gọn để lộ khung xe rõ hơn. Tổng thể khỏe khoắn với bộ khung mới tinh chỉnh nhẹ hơn 1,2 kg và cứng và gọn hơn tới 50% so với phiên bản tiền nhiệm trước đây cùng với trọng lượng ướt là 199 kg, chiều cao yên 830mm.  Speed triple 1200 rr - 2  Theo hãng xe môtô Triumph, đèn pha trên Speed Triple 1200 RR đã được thiết kế lại toàn bộ cụm đèn trước và sau cũng như sử dụng toàn bộ hệ thống đèn Full LED đi cùng với hàng loạt “trang sức” cao cấp, mang đến một diện mạo vô cùng nổi bật và cuốn hút với những đường nét thiết kế độc đáo.  Speed triple 1200 rr - 3  Bảng đồng hồ Triumph Speed Triple 1200 RR được thiết kế hiện đại pha lẫn cổ điển với màn hình màu TFT LCD 5 inch, 6 kiểu hiển thị, tùy chỉnh độ nghiêng và có 5 chế độ lái Rain, Road, Sport, Rider và Track được điều khiển qua một phím điều khiển năm tùy chọn.  Speed triple 1200 rr - 4  Trên xe Speed Triple 1200 RR 2023 còn được trang bị hàng loạt công nghệ hỗ trợ người lái, bao gồm ABS trong cua với mô-đun Continental MIB-EVO ABS mới và đơn vị đo lường quán tính 6 trục IMU. Có 4 cấp độ kiểm soát lực kéo gồm Rain, Road, Sport và Track, cùng với năm chế độ lái có thể tùy chỉnh gồm Rain, Road, Sport, Track và Rider.  Speed triple 1200 rr - 5  Ở thế hệ mới nhất, Triumph Speed Triple 1200 RR mới được trang bị cặp ghi đông clip-on hạ thấp hơn 5 inch và đẩy về phía trước thêm 2 inch so với mô hình RS, bộ gác chân cũng đặt cao và lùi về sau. Chiều cao yên xe cũng được hạ thấp ở mức 830 mm, thấp hơn 5 mm so với Speed Triple 1200 RS. Những thay đổi trên đã tạo nên một tư thế lái thể thao hơn, đồng thời cũng mang đậm phong cách Café Racer hơn.  Speed triple 1200 rr - 6  Speed Triple 1200 RR mới 2023 còn đi kèm bình xăng tái thiết kế 2 bên nhỏ dần về sau cho cảm giác ngồi thoải mái cho người lái, có thể chứa 15,5 lít nhiên liệu  Speed triple 1200 rr - 7  Bên ngoài của Speed Triple 1200 RR là những chi tiết bằng sợi carbon xuất hiện trên khắp thân xe.Đặc biệt, Triumph còn cung cấp hơn 30 phụ kiện chính hãng cho mẫu xe này để giúp các biker tự do thể hiện phong cách cá nhân, nâng tầm trải nghiệm  Speed triple 1200 rr - 8  Đuôi đèn sau Speed Triple 1200 RR full LED siêu sáng được thiết kế thể thao với đèn hậu vểnh cao sáng hơn 28% so với mẫu cũ.  Speed triple 1200 rr - 9  Về hệ thống treo, Triumph Speed Triple 1200 RR 2023 được nâng cấp hệ thống treo lên dạng bán chủ động Ohlins Smart EC 2.0 điều chỉnh điện tử. Cả giảm xóc trước và sau đều hoàn toàn có thể tùy chỉnh ngay cả trong lúc xe đang vận hành.  Speed triple 1200 rr - 10  Triumph Speed Triple 1200 RR sỡ hữu khối động cơ ba xy-lanh thẳng hàng Hinckley có dung tích 1.160cc và sản sinh công suất gần 180 mã lực tại 10.750 vòng/phút và mô-men xoắn 125 Nm tại 9.000 vòng/phút, kết hợp cùng hộp số 6 cấp. Đồng thời, Triumph còn trang bị công nghệ sang số nhanh thế hệ mới mà hãng đang sử dụng trên những cỗ máy được cung cấp cho giải đua Moto2.  Speed triple 1200 rr - 11  Lực hãm bánh trước của Speed Triple 1200 RR 2023 bắt nguồn từ hệ thống phanh được thực hiện với kẹp phanh Brembo Stylema đi kèm đĩa phanh có đường kính 320 mm trên bánh trước và đĩa đơn 220 mm ở phía sau được trang bị kẹp phanh Brembo 2 piston.  Speed triple 1200 rr - 12  Ngoài ra,Speed Triple 1200 RR còn được trang bị lốp Pirelli Diablo Supercorsa SP3 V3 giúp cải thiện độ bám đường thay vì lốp Metzeler Racetec RR K3 trên bản RS đây là dòng lốp hiệu suất cao thường được dùng trên các mẫu xe thể thao. Kích cỡ lốp trước/sau lần lượt là 120/70 và 190/55.'),
(37, 'VARIO 160 2023', 'VARIO 160 2023.jpg', 51990000, 48900000, 5, 1, 2, 'Honda Vario 160 | Giá xe Vario 160 | Vario 160 CBS | Vario 160 ABS | Giá xe Vario 160 2023 chính hãng Honda Việt Nam  Mẫu xe tay ga Honda Vario 160 2023 thế hệ mới nhất vừa được Honda ra mắt tại thị trường Việt Nam với hai phiên bản Vario 160 ABS và Vario 160 CBS. Mẫu xe tay ga Vario 160 mới 2023 có thiết kế đã được thay đổi hoàn toàn mang nét hiện đại thể thao hầm hố, nhiều góc cạnh hơn, đồng thời được trang bị công nghệ mới, đáp ứng xu thế của thời đại như động cơ eSP+ 4 van mới, cổng sạc USB cho điện thoại, hệ thống chống bó cứng phanh ABS cho bánh trước đảm bảo an toàn cho người sử dụng.  Vario 160 - 1  Honda Vario 160 chính hãng tại Việt Nam  Tại Việt Nam, mẫu xe tay ga Honda Vario 160 chính hãng đang bán ra thị trường thông qua các đại lý Head Honda với 4 phiên bản Tiêu chuẩn, Cao cấp, Đặc biệt, Thể thao với giá bán đề xuất từ 51,99 - 56,49 triệu đồng tùy theo phiên bản (chưa bao gồm phí trước bạ và phí biển số).  Xem thêm Giá xe Vario 160 mới nhất hôm nay 2023 tại đại lý Việt Nam Mua xe Vario 160 trả góp tại TPHCM với lãi suất mới nhất 2023 Vario 160 2023 Xám xi măng phiên bản Thể thao giá bao nhiêu? Thiết kế Vario 160 2023 mạnh mẽ thể thao Vario 160 được hãng Honda thiết kế góc cạnh, mạnh mẽ hơn với phần đầu xe và yếm trước to lớn trông hầm hố, năng động vững chắc.   Honda Vario 160 có kích thước chiều Dài x Rộng x Cao lần lượt là 1.929 x 679 x 1.088 mm, chiều dài cơ sở 1.277mm, chiều cao yên 778m, khoảng sáng gầm 140mm với trọng lượng tổng thể khoảng 115kg (bản CBS) và 117kg (bản ABS). Bên dưới yên xe là cốp dung tích 18 lít và bình xăng 5,5 lít.  Vario 160 - 2  Vario 160 2023 chính hãng Honda Việt Nam  Honda Vario 160cc 2023 sử dụng khung dập hàn laser thế hệ mới eSAF, kiến trúc thông minh nâng cao nhằm giảm trọng lượng, giúp tăng độ cứng vững và ổn định cho xe khi vận hành, tăng khả năng điều khiển mang tới sự linh hoạt tốt hơn cũng như góp phần giúp xe đạt tốc độ tối đa tốt hơn.  Honda Vario 160 2023 với thiết kế cụm đầu đèn mới Honda Vario 160 2023 vẫn trang bị hệ thống đèn pha LED đôi với cấu trúc tương tự phiên bản cũ, tuy nhiên hệ thống đèn demi và xi-nhan đã được thiết kế lại với diện mạo mới hiện đại và sắc sảo hơn. Cụm đèn pha kép phía trước đã được đặt gần hơn, các đường nét được thiết kế vuông vức hơn. Đèn định vị vẫn mang tạo hình cánh chim vuốt lên trên nhưng đã bị cắt khúc.  Một chi tiết mới trên xe tay ga Vario 160 so khác với mẫu cũ là phần ốp nhựa 2 bên được kéo dài về sau giúp xe trông hầm hố hơn.  Vario 160 - 3  Vario 160 2023 với mặt đồng hồ LCD thiết kế mới Honda Vario 160 được trang bị cụm đồng hồ hiển thị màn hình LCD TFT hiện đại được làm rộng hơn đời cũ, thể hiện đầy đủ thông tin cần thiết. Ngoài ra, còn được bổ sung thêm các chỉ báo điện áp ắc quy, mức tiêu hao nhiên liệu theo dạng mức thang, mức tiêu thụ trung bình và thời điểm thay nhớt xe.  Vario 160 - 4  Cụm đèn hậu và đèn phanh trên Vario 160 2023 Đèn hậu xe Vario 160 với thiết kế lớn hơn nhằm cân xứng với dàn đầu xe, đèn đuôi xe Vario 160 sử dụng Full LED thiết kế dạng kim cương, chắn bùn + pas biển số dạng tách rời kết hợp cùng xinhan LED cũng dạng rời đầy thể thao, cá tính.  Vario 160 - 5  Honda Vario 160 trang bị hệ thống phanh ABS Nâng cấp đáng kể nhất ở phiên bản Honda Vario 160 mới là tính năng an toàn khi trang bị chống bó cứng phanh ABS cho bánh trước ở phiên bản Vario 160 ABS, còn phiên bản tiêu chuẩn chỉ trang bị phanh kết hợp CBS. Ngoài ra, phiên bản Vario 160 ABS cũng được bổ sung phanh đĩa cho bánh sau, thay vì phanh tang trống như phiên bản CBS.  Vario 160 - 6  Vòng đĩa đọc ABS trên Vario 160 được tích hợp vào đĩa phanh  Honda trang bị cho Vario 160 mới bộ mâm xe hợp kim 14 inch được thay đổi họa tiết cùng với cặp lốp lớn hơn so phiên bản Vario 150 cũ, 100/80-14 ở trước và 120/70-14 ở sau. Việc trang bị lốp to hơn giúp cải thiện độ bám đường cho mẫu tay ga này.  Vario 160 2023 trang bị động cơ eSP+ hoàn toàn mới Honda Vario 160 2023 trang bị động cơ xăng eSP+ hoàn toàn mới, xi-lanh đơn, dung tích 156,9cc, 4 van, làm mát bằng chất lỏng, phun xăng điện tử Fi, công suất 11,3 kW (15,4 PS) tại 8.500 vòng/phút, mô-men xoắn cực đại 13,8 Nm tại 7.000 vòng/phút. Hộp số vô cấp. Động cơ đi kèm công nghệ Idling Stop.   Động cơ Vario 160 có tỉ số nén 12:1 lớn hơn phiên bản cũ, một số thay đổi trên động cơ Vario 160 như đường kính bướm ga được mở rộng để tăng lượng không khí vào buồng đốt, ống xả được điều chỉnh để nâng cao hiệu quả làm sạch khí thải.  Vario 160 - 7  Vario 160 trang bị động cơ eSP+ thế hệ mới 2023  Honda Vario 160 trang bị hệ thống khóa thông minh Smartkey và cổng sạc USB Honda Vario 160 được trang bị hệ thống chìa khoá thông minh Smartkey 3.0 có thiết kế sang trọng tích hợp nhiều tính năng giúp xác định vị trí xe & mở xe từ xa tiện lợi, đem lại tiện ích cao cấp cho người sử dụng, ngăn chặn, tối ưu khả năng chống trộm. Phía trước vẫn được thiết kế với 2 hộc chứa đồ nhỏ, kèm móc treo đồ tiện dụng.  Ngoài ra xe tay ga Honda Vario 160 mới 2023 còn được trang bị cổng sạc USB ở bên trong hộc chứa đồ phía trước.  Vario 160 - 8  Xe tay ga Vario 160 chính hãng Việt Nam đang được bán ra thị trường thông qua hệ thống cửa hàng bán xe và dịch vụ sửa chữa do Honda Ủy nhiệm (HEAD) trên toàn quốc với chế độ bảo hành 3 năm hoặc 30.000 km.'),
(38, 'VISION 2023', 'VISION 2023.jpg', 31690000, 30555000, 5, 1, 2, 'Vision mới 2023 | Giá xe Vision 2023 | Honda Vision 2023 | Giá lăn bánh xe Vision 2023 mới nhất hôm nay  Mới đây Honda Việt Nam đã chính thức ra mắt mẫu xe tay ga Vision mới 2023 với nâng cấp thiết kế trẻ trung, hiện đại, nhiều tính năng cải tiến trên đồng hồ, cổng sạc USB cùng nhiều lựa chọn màu sắc mới, và bổ sung thêm phiên bản Thể thao hoàn toàn mới. Honda Vision 2023 với 4 phiên bản: tiêu chuẩn, cao cấp, đặc biệt và thể thao cùng với giá bán đề xuất tăng nhẹ so với phiên bản trước.   Với lần nâng cấp này, Honda rất quan tâm đến thị trường xe tay ga mà nhất là đối tượng khách hàng là nữ, với sự ra mắt ồ ạt các dòng xe máy cạnh tranh các hãng đối thủ thì mẫu xe Vision 2023 sẽ mang đến cho quý khách hàng có thêm sự lựa chọn trong phân khúc xe tay ga giá rẻ tại thị trường Việt Nam hiện nay.  Vision mới 2023 - 1  Honda Vision mới 2023  Xem thêm Giá lăn bánh xe Vision 2023 mới nhất hôm nay tại đại lý Honda Vision 2023 có tiết kiệm xăng không? Thủ tục mua xe Vision trả góp với lãi suất vay mới nhất 2023 Honda Vision 2023 phiên bản Thể thao giá bao nhiêu? Đánh giá Vision 2023 có gì mới cùng giá bán mới nhất Xe Vision mới 2023 với thiết kế trẻ trung cá tính Trong lần nâng cấp này, Honda Việt Nam mang đến một diện mạo mới cho Vision 2023 với phần đầu xe được tinh chỉnh, đèn xi nhan trước và đèn hậu LED với hoa văn hoạ tiết chìm khá hiện đại tạo nên điểm nhấn khác biệt, giúp nổi bật phong cách thời trang của người dùng và tính năng cao cấp của mẫu xe ga này. Các đường vân trang trí viền quanh tay lái và nắp hộp đựng đồ phía trước là điểm nhận biết của phiên bản nâng cấp này, giúp tạo ra sự khác biệt và cá tính.  Khung sườn xe Vision mới 2023 với cấu trúc đường ống sử dụng công nghệ dập hàn laser loại eSAF giúp xe nhẹ và tạo ra nhiều không gian hơn. Độ cao yên xe và sàn để chân rộng mang lại tư thế thoải mái, đặc biệt là cho phái nữ khi dừng xe hoặc lái xe. Honda Vision 110cc 2023 vẫn trung thành với kiểu dáng của một chiếc xe tay ga tiêu chuẩn. góp phần nâng cao khả năng tiết kiệm nhiên liệu cũng như khả năng vận hành và điều khiển của xe.   Vision mới 2023 - 2  Honda Vision mới 2023 phiên bản Thể thao màu Xám xi măng  Đèn pha vẫn là dạng Halogen như bản cũ nhưng sẽ được tinh chỉnh lại gọn hơn. Bên cạnh đó, Vision 2023 cũng sẽ loại bỏ công tắc tắt bật đèn pha như hầu hết các mẫu xe Honda đã giới thiệu thời gian gần đây.  Vision mới 2023 - 3  Cùng với mặt đồng hồ xe Vision mới được thay đổi thiết kế theo phong cách hiện đại hơn và bổ sung màn hình LCD hiển thị quãng đường và nhiên liệu, đầy đủ thông tin hỗ trợ một cách hoàn hảo cho người dùng. Đèn xi nhan hiển thị trên mặt đồng hồ được cải tiến với bố trí tách rời hai bên trái và phải, giúp người dùng nhanh chóng và dễ dàng quan sát khi chuyển hướng.  Vision mới 2023 - 4  Honda Vision mới 2023 màu sắc thời trang Honda Vision 2023 với bộ sưu tập màu sắc mới độc đáo, đầy khác biệt với vân họa tiết thời trang ấn tượng, khẳng định cá tính và sự trẻ trung của người sở hữu, hứa hẹn sẽ tiếp tục là điểm nhấn giúp mẫu xe trở nên cuốn hút hơn bao giờ hết.  Vision 2023 Phiên bản Thể thao với 2 màu là xám xi măng và đen mờ, phiên bản Đặc biệt với xanh dương nhám, phiên bản Cao cấp với 2 màu Đỏ Đen, Trắng Đen và phiên bản Tiêu chuẩn với màu Đen.  Vision mới 2023 - 5  Vision 2023 trang bị nhiều tiện ích vượt trội Vision mới 2023 mang đến cho người lái những tiện ích hướng tới sự thoải mái và đáp ứng tối đa nhu cầu sử dụng hàng ngày. Xe tay ga Vision 2023 được trang bị khóa thông minh Smartkey trên 3 phiên bản cao cấp, đặc biệt và thể thao với 2 tính năng ưu việt cùng được tích hợp trên thiết bị điều khiển FOB bao gồm chức năng kích hoạt/ngưng kích hoạt khoá điện từ xa và hệ thống xác định vị trí xe thông minh mang lại cho người dùng sự tiện lợi vượt trội và trải nghiệm cao cấp giống như sử dụng trên ô tô.  Vision mới 2023 - 6  Vision 2023 với hộp đựng đồ 16 lít dưới yên xe cỡ lớn và hộc để đồ phía trước rộng rãi, không gian chứa đồ dưới yên xe rộng rãi, có thể chứa được 01 mũ bảo hiểm cả đầu (hoặc 02 mũ nửa đầu) và nhiều vật dụng cá nhân khác giúp người dùng cảm thấy tiện lợi khi cần mang nhiều vật dụng cá nhân trên đường đi. Xe Vision mới còn được bổ sung cổng sạc điện thoại trong cốp xe.  Vision mới 2023 - 7  Mâm xe có thiết kế mới đường kính lớn cùng với khoảng sáng gầm xe được nâng cao & kết hợp với việc sử dụng lốp không săm trước 80/90-14 và sau 90/90-14 giúp đảm bảo vận hành ổn định, linh hoạt trên mọi địa hình. Riêng Vision 2023 phiên bản Thể thao, bánh trước trang bị mâm xe 5 chấu đường kính 16 inch cùng với lốp không săm 80/90-16, bánh sau vẫn dùng mâm 14 inch.  Vision mới 2023 - 8  Tay dắt với thiết kế mới đầy cá tính, gác chân sau thiết kế bằng miếng nhôm nguyên khối, đẹp hơn so với phiên bản trước. Pô xe cũng có thiết kế mới để phù hợp với tiêu chuẩn khí thải mới.  Vision mới 2023 - 9  Động cơ xe Honda Vision mới 2023 cải tiến hiện đại Honda Vision 2023 thế hệ mới vẫn sử dụng động cơ eSP dung tích 110cc, cho công xuất tối đa 6,59 kW tại 7.500 vòng/phút, mô-men cực đại 9,29 Nm tại 6.000 vòng/phút. Động cơ này tích hợp công nghệ phun xăng điện tử và ngắt động cơ tạm thời. Nhờ bộ khung xe mới, giúp tiết kiệm nhiên liệu hơn 4% so với đời trước. Xe Vision được trang bị bình xăng có dung tích 4,9 lít và có trọng lượng là 94 kg.   Vision mới 2023 - 10  - Hệ thống ngắt động cơ tạm thời (Idling Stop) trang bị trên xe có khả năng tự ngắt động cơ tạm thời khi xe dừng quá 3 giây và được khởi động lại êm ái ngay khi tăng ga trở lại mà không cần nhấn nút khởi động, giúp tiết kiệm nhiên liệu và thân thiện môi trường.   Vision mới 2023 - 11  - Hệ thống phanh (thắng) kết hợp CBS trên xe giúp phân bổ đều lực phanh giữa bánh trước và bánh sau khi chỉ dùng phanh trái (phanh sau), dễ dàng sử dụng cho cả người mới lái xe và người đã có kinh nghiệm.  - Xe máy Vision có khả năng vận hành mạnh mẽ và tiết kiệm nhiên liệu, với công nghệ an toàn ưu việt, sẽ trở thành người bạn đường tin cậy để bạn yên tâm trải nghiệm mọi hành trình.  Vision mới 2023 - 12  Honda Vision 2023 phiên bản đặc biệt màu Xanh đen  Xe tay ga Honda Vision 2023 đã chính thức bán ra thị trường thông qua hệ thống cửa hàng bán xe và dịch vụ sửa chữa do Honda Ủy nhiệm (HEAD) trên toàn quốc với chế độ bảo hành 3 năm hoặc 30.000 km.'),
(39, 'YAMAHA XSR 155', 'xsr155r.jpg', 75000000, 74500000, 1, 2, 1, 'Mới đây nhất, Yamaha XSR 155 2023 vừa trình làng với mức giá khởi điểm 70,24 triệu VNĐ tại thị trường Indonesia. Vào thời điểm đó, một số đại lý tư nhân đã nhập khẩu thành công mẫu xe này về Việt Nam để đáp ứng nhu cầu của người đam mê.  Mẫu xe này được nhập nguyên chiếc từ “đất nước vạn đảo” về Việt Nam, được khách hàng cả nước cực kì thích thú bởi thiết kế độc lạ và động cơ mạnh mẽ.  Thời điểm mới về Việt Nam, Yamaha XSR 155 có giá khá cao, hiện tại do số lượng về ổn định và nhiều, xe đang được chào bán với giá khoảng 80 triệu đồng.  giá xe yamaha xsr 155 Giá xe yamaha xsr 155 chính hãng rẻ nhất chỉ có tại Minh Long Motor Hiện tại, Yamaha XSR 155 đã được Minh Long Motor sớm nhập khẩu về Việt Nam. Hiện nay, Minh Long có giá bán từ 7X triệu đồng. Mức giá này hiện tại đang rất tốt so với thị trường nên quý khách đừng nên lo lắng nhiều.  Lưu ý: giá trên chưa bao gồm phí ra biển số, phí trước bạ và giá có thể thay đổi vào từng thời điểm.  lô xe xsr đầu tiên về Việt Nam Mẫu xe Yamaha XSR 155 đầu tiên về Việt Nam tại kho Minh Long Để chăm sóc cho khách hàng tốt hơn, Minh Long Motor đang có những chính sách tốt không thể bỏ qua:   Mua trả góp và lấy Yamaha XSR 155 2023 về nhà trong 30 phút khi quý khách thanh toán trước 30%, 40% hoặc 50% giá trị xe,… tùy thuộc vào khả năng tài chính của mình. Yamaha XSR 155 2023 sẽ được Minh Long Motor bảo trì và bảo dưỡng trong vòng 02 năm. Ngoài ra, khi mua xe tại Minh Long, quý khách sẽ được nhận một số quà tặng bất ngờ và hấp dẫn. Bên cạnh đó, Minh Long còn có dịch vụ vận chuyển toàn quốc nhằm hỗ trợ quý khách hàng ở xa khi có nhu cầu. “Kẻ tự do” Yamaha XSR 155 2023 thức giấc tại Việt Nam Vừa được chính thức ra mắt tại Indonesia mẫu xe mô tô XSR 155 của hãng Yamaha với phong cách cổ điển xen lẫn nét thể thao Sport Heritage đã nhanh chóng thu hút hàng các tín đồ đam mê dòng xe Retro. Yamaha XSR 155 hoàn toàn mới được xem là một mẫu xe mô tô cực “nóng”.  Mẫu xe này đang được nhiều người mong đợi và được xem là thứ đã thay đổi định nghĩa mới về dòng mô tô cỡ nhỏ với phong cách thể thao nhưng vẫn có nét cổ điển. Xe được đánh giá là dòng xe cuốn hút nhất của gia đình XSR từ trước tới nay.   yamaha xsr 155 Yamaha XSR 155 sở hữu phong cách cổ điển xen lẫn nét thể thao Ở phiên bản XSR 155 2023 đã lột xác toàn bộ thiết kế hầm hố của dòng MT series trước đây (MT-10, MT-09, MT-07, MT-03 và MT-125), thay vào đó mẫu xe XSR 155 mới 2023 lại khoác lên mình chiếc áo của một mẫu mô tô roadster cổ điển.  Vậy, “kẻ tự do” XSR 155 2023 đã được các chuyên gia đến từ Nhật Bản kết hợp như thế nào thì mời quý khách hàng hãy đi cùng Minh Long tìm hiểu nhé!  xsr 155 XSR 155 mới lại khoác lên mình chiếc áo của một mẫu mô tô roadster cổ điển Đánh giá về thiết kế Yamaha XSR 155 2023 có thiết kế được lấy cảm hứng trực tiếp từ các dòng Yamaha cho các tín đồ đam mê thời trang, thích phong cách hoài cổ.  Tiếp tục phát huy cảm hứng đó, Yamaha XSR 155 cố gắng cải tiến thiết kế nhằm tới phân khúc khách hàng là phái mạnh đam mê mô tô, yêu thích phong cách cổ điển và muốn tìm kiếm sự khác biệt.  Sự thành công của 2 người anh em tiền nhiệm XSR 700 và XSR 900 khiến XSR 155 phải học hỏi nhiều hơn để  trở thành mẫu xe Sport Heritage đích thực.   yamaha xsr155 Xe nhằm tới phân khúc khách hàng là phái mạnh đam mê mô tô Theo đánh giá của các Biker thì XSR 155 2023 nổi bật với kiểu dáng Classic, đầu đèn tròn nhỏ nhưng sử dụng công nghệ LED tích hợp định vị ban ngày nên khá thuận tiện, yên xe dạng liền, đồng hồ dạng LCD tròn…và nhiều tiện ích ấn tượng và nổi bật khác.  yamaha 155cc Xe được trang bị nhiều tiện ích ấn tượng và nổi bật khác Bên cạnh đó, XSR 155 2023 mới sở hữu kích thước có chiều dài 2.007 mm, rộng 804 mm, cao 1.080 mm. Chiều dài cơ sở 1.330 mm, khoảng sáng gầm 170 mm, độ cao yên 810 mm giúp người lái có thể thoải mái hơn khi chống chân, trọng lượng ở mức 134 kg.  Nhìn chung, XSR 155 2023 kế thừa đầy đủ những đặc trưng về thiết kế của dòng xe kết hợp phong cách cổ điển và thể thao.  xe yamaha 155 Xe kế thừa đầy đủ những đặc trưng về thiết kế của các dòng xe nổi tiếng đi trước Moto Yamaha XSR 155 2023 mới được trang bị đồng hồ LCD đơn sắc nhưng đã được thay đổi từ kiểu màn hình ngang thành kiểu tròn, mang xu hướng hoài cổ hơn nhiều. Mặc dù, nhìn bề ngoài thì cụm đồng hồ rất đơn giản nhưng ẩn bên trong toàn là các tiện ích hiện đại.  Cụ thể, xe được hãng Yamaha trang màn hình LCD đơn sắc hình tròn kết hợp hiển thị 6 đèn tín hiệu bên dưới. Đồng hồ có báo các cấp số cũng như thể hiện đầy đủ các thông tin cần thiết kế như bao gồm tốc độ, nhiệt độ động cơ, vị trí số, lượng xăng, odo, trip, mức tiêu hao nhiên liệu v.v….  đồng hồ yamaha xsr Đồng hồ có báo các cấp số cũng như thể hiện đầy đủ các thông tin cần thiết “Kẻ tự do” Yamaha XSR 155 có thiết kế phần đầu đèn trước tương tự như 2 người đàn anh đã được kể trên với cụm đèn pha LED đơn tròn cổ điển, logo XSR chính giữa. Thiết kế pát tam giác 2 bên giữ đèn cứng cáp, tạo cảm giác chắc chắn và mạnh mẽ hơn rất nhiều.  Tuy nhiên, để đảm bảo tốt nhất cho quá trình lưu thông được an toàn nhất thì hệ thống đèn xi-nhan vẫn sử dụng hệ thống đèn Halogen chứ không phải là hệ thống đèn full LED.  đèn xe yamaha 155 Cụm đèn pha LED đơn tròn cổ điển với logo XSR chính giữa Cụm đèn hậu của Yamaha XSR 155 sử dụng kiểu thiết kế đèn tròn cực kỳ cổ điển giống như các dòng xe ở thời kỳ trước nhưng đã được tinh chỉnh lại phía trong khi đã sử dụng hệ thống LED chiếu sáng giúp xe có vẻ hiện đại và hài hòa hơn.  Cụm đèn xi nhan phía sau trên XSR 155 vẫn sử dụng loại tách rời hai bên, pát biển số được tích hợp sát vào đuôi xe để lộ toàn bộ bánh sau to bản.  đèn hậu moto xsr155 Cụm đèn hậu sử dụng kiểu thiết kế đèn tròn cực kỳ cổ điển Cụm đèn xi nhan phía sau trên XSR 155 vẫn sử dụng loại tách rời hai bên  Cụm ghi đông tay lái trên mẫu Yamaha XSR 155 2023 mới được đặt cao và dang rộng sang hai bên giúp tạo ra góc đánh lái lớn.  Tạo cảm giác thoải mái nhất cho người dùng khi vận hành kể cả lúc vô cua. Một số người đã thử trải nghiệm cho biết phần tay lái của xe sẽ kết hợp với yên xe, khung nhôm kích thước hẹp giúp đầu gấu ôm sát vào xe, vị trí để chân thoải mái tạo nên giúp tư thế lái luôn dễ chịu kể cả khi lưu thông trong điều kiện đô thị đông đúc.  ghi đông yamaha xsr 155 Cụm ghi đông tay lái được đặt cao và dang rộng Hệ thống nút nhấn trên cùm công tắc trái phải của mẫu xe này vẫn được bố trí các nút thao tác như tắt mở Pha/Cót, nút kèn, xi nhan, tắt máy nhanh với mức độ hoàn thiện tuyệt vời cũng như được sắp xếp hợp lý giúp người điều khiển có thể dễ dàng thao tác kể cả khi đang lái.  Cụm bình xăng trên mẫu xe Yamaha XSR 155 hình giọt nước với dung tích 10,4 lít vẫn tương tự như các mẫu xe Yamaha đi trước với đường cong được làm thủ công từ nhôm nổi bật trên nền sơn cùng sọc màu tương phản chạy dọc thân bình xăng tạo nên sự cuốn hút độc đáo.  bình xăng xe xsr Cụm bình xăng trên xe hình giọt lệ với dung tích 10,4 lít Phần yên xe Yamaha XSR 155 2023 có thiết kế dạng yên liền phẳng tựa như các mẫu xe Cafe Racer. Phần da yên sử dụng da lộn đi cùng những đường chỉ may nổi tinh tế, yên sau được trang bị thêm tay dắt trên yên xe, phần chắn bùn phía sau khá hài hòa.  Tuy nhiên, do có yên ngồi khá cao 810 mm, cho nên mẫu xe này của Yamaha cũng khá kén người cấm lái. Nếu cao tầm 165 cm thì cũng đủ “chế ngự” nhưng việc chống chân sẽ không phải hoàn toàn thoải mái. Tuy nhiên, do xe có trọng lượng khá nhẹ nên vẫn có thể kiểm soát được.  yên xe xsr Yên xe có thiết kế đơn giản nhưng ngồi rất thoải mái Một điểm cộng khác, XSR 155 sử dụng bộ lốp gai hỗn hợp với 50% onroad/offroad tạo nên dáng tracker rõ nét.  Xe sử dụng vành hợp kim 17 inches kết hợp với lốp không săm gai mãng cầu IRC đa địa hình, kích thước lốp trước là  110/70 và lốp sau là 140/70.  lốp không săm xe xsr yamaha Xe trang bị lốp không săm gai mãng cầu IRC đa địa hình Động cơ xe XSR155 2023 có gì nổi bật? Yamaha XSR 155 sử dụng động cơ SOHC dung tích 155c được làm mát bằng chất lỏng, tích hợp công nghệ van biến thiên VVA hiện đại và bộ ly hợp chống trượt Slipper Clutch.  Động cơ này cho công suất cực đại 19.04 mã lực tại vòng tua 10.000 vòng/phút, momen xoắn tối đa đạt 14,7 Nm tại 7000 vòng/phút, đi kèm hộp số 6 cấp.  VVA được giải thích đơn giản đó là hệ thống trục cam biến thiên, dùng thay đổi độ nâng hạ van nạp xả khác nhau tương ứng với điều kiện vận hành khác nhau.  van biến thiên trên xsr Công nghệ van biến thiên VVA hiện đại và bộ ly hợp chống trượt Slipper Clutch Nói thêm, lợi ích của công nghệ biến thiên VVA chính là giúp tiết kiệm nhiên liệu ở vòng tua thấp nhưng lại cho hiệu suất tốt khi động cơ làm việc ở dải vòng tua cao.  Bên cạnh đó, công nghệ Slipper Clutch giúp chống bó bánh và dẫn đến trượt bánh khi dồn số gấp, một điều cực kỳ nguy hiểm khi người dùng đang chạy với tốc độ cao hay đang vào cua.  Về cảm nhận khi lái thì có thể nói xe đem lại cảm giác phấn khích và thú vị, với khả năng tăng tốc tốt ngay từ đầu, vận tốc đạt tối đa lên tới 130 km/h.  động cơ yamaha xsr Cảm nhận người dùng khi lái xe luôn đem lại cảm giác phấn khích và thú vị Ở phiên bản được YAMAHA ra mắt lần này, mẫu xe mô tô XSR 155 đã được phát triển dựa trên khung sườn Deltabox tương tự như các người đàn anh trước.  Khung xe Yamaha XSR 155 mới 2023 cũng đã được tinh chỉnh lại với chất liệu nhôm được cải tiến. Ngoài ra, nhằm giúp bảo vệ tốt nhất cho xe khu vực khung phụ và dưới gầm máy đã được Yamaha cải tiến một số chi tiết giúp bảo vệ động cơ khá vững chắc và trông rất hầm hố.  khung xe xsr Khung xe Yamaha XSR 155 đã được tinh chỉnh lại với chất liệu nhôm được cải tiến Về hệ thống treo, Yamaha XSR 155 mới có bộ phuộc treo trước loại đảo chiều đem lại trải nghiệm rất năng động. Phía sau là bộ phuộc đơn mono cùng cánh tay trục bằng nhôm tổng hợp.  Tuy nhiên đã được cải tiến lại đôi chút nhằm giúp người lái có thể vận hành trên những cung đường một cách thoải mái nhất. Qua những đánh giá cho thấy hệ thống phuộc của xe có độ nhún hoạt động khá tuyệt vời khi đi trên nhiều địa hình.  phuộc xe xsr yamaha 155 Hệ thống phuộc của xe có độ nhún hoạt động khá tuyệt vời khi đi trên nhiều địa hình Ngoài ra, phanh xe gồm bộ phanh đĩa hai điểm nén pít-tông trước và phanh đĩa sau gồm một điểm nén pít-tông Nissin. Trang bị phanh đĩa cho cả hai bánh là ưu thế có thể giúp xe hãm tốc trong mọi tình huống.  Tuy nhiên, nên lưu ý rằng nếu người dùng bóp phanh sau quá mạnh có thể khiến bánh xoay. Hơi đáng tiếc là XSR 155 2023 chưa được trang bị hệ thống phanh ABS, trong khi đối thủ cùng phân là khúc của Honda lại được tích hợp trên cả hai bánh.  Hy vọng trong tương lai, Yamaha sẽ cải tiến cho các dòng xe này các tiện ích gia tăng độ an toàn.  phanh đĩa xe xsr Trang bị phanh đĩa cho cả hai bánh là ưu thế có thể giúp xe hãm tốc trong mọi tình huống Hệ thống ống xả Yamaha XSR 155 mới với thiết kế đi thẳng từ máy xuống dưới gầm động cơ. Xe trong rất gọn gàng và nổi bật trên nền sơn đen tạo điểm nhấn cực kỳ ấn tượng từ cái nhìn ban đầu.');
INSERT INTO `sanpham` (`id_sanpham`, `tensp`, `anhsanpham`, `giasanpham`, `gia_nhap`, `id_nhacungcap`, `id_hangsp`, `id_loaisp`, `mota_sp`) VALUES
(40, 'YAMAHA FREEGO 125', 'Yamaha FreeGo S.png', 34000000, 32000000, 1, 2, 2, 'Sau phiên bản đầu tiên được ra mắt vào ngày 9/4/2019, Yamaha FreeGo 125 mới 2023 chính thức được ra mắt công chúng tại thị trường Indonesia.  Bên cạnh những nét thiết kế đặc trưng của thương hiệu Nhật cùng những trang bị hiện đại, FreeGo 125 mới nhất 2023 được coi là lợi thế hơn hẳn đối thủ trong cùng phân khúc từ giá cả đến tính năng nhờ những trang bị tiện nghi và an toàn như:  Động cơ Blue Core 125cc thế hệ mới, phanh trước ABS, cổng sạc điện thoại 12V, màn hình điện tử full LCD, hệ thống khóa thông minh Smart Key…  freego Yamaha FreeGo 125 mới chính thức được ra mắt công chúng tại thị trường Việt Nam Yamaha FreeGo 125 có nhiệm vụ tập trung khai thác vào đối tượng người dùng trẻ, năng động, yêu thích thể thao và chinh phục thách thức. Điều đó hứa hẹn sẽ tạo sức ép mạnh mẽ lên hai đại diện tới từ Honda là Vision và Airblade.  Vậy, “Làn sóng mới” Yamaha FreeGo 125 ở phiên bản 2023 có gì đặc biệt để tạo chỗ đứng cho mình trong lòng người tiêu dùng khi các dòng xe tay ga tầm trung của Honda đã dành trọn từ lâu.  Kính mời quý khách hàng hãy cùng Minh Long phân tích những từ A đến Z về những gì mà mẫu xe Yamaha này đang có nhé.  Đánh giá xe Yamaha FreeGo 125 Yamaha FreeGo 125 ở phiên bản 2023 sở hữu ngoại hình khá tương đương với người anh em NVX.  Tuy nhiên thiết kế của mẫu FreeGo mới nhìn ngang trông khá hiền, có phần mềm mại, ít góc cạnh với thân xe khá bầu bĩnh, tròn trịa hơn nhưng vẫn mang đậm vẻ thể thao, năng động và cá tính.  freego 125 FreeGo 125 ở phiên bản sở hữu ngoại hình tinh tế Yamaha FreeGo 125 2023 có kích thước tổng quan dài x rộng x cao lần lượt là 1.905 mm x 690 mm x 1.110 mm.  Chiều cao yên xe ở mức 780 mm, chiều dài cơ sở đạt 1.275 mm, khoảng sáng gầm xe 135 mm phù hợp để các anh em cao từ 1m60 trở lên có thể chống chân và điều khiển xe một cách linh hoạt trong điều kiện đường phố đô thị đông đúc...  Nhìn tổng thể bên ngoài thì FreeGo 125 rất hài hòa giữa tính thực tế và sự thoải mái trong quá trình sử dụng.  đèn trước xe freego Cụm đèn pha lớn chia thành hai tầng và mặt nạ có thiết kế bắt mắt Đầu xe nổi bật với cụm đèn pha lớn chia thành hai tầng và mặt nạ có thiết kế bắt mắt. Trong khi đó đèn xi-nhan cũng được tích hợp vào hai bên yếm xe làm bật mạnh lên vẻ sang trọng.  Dàn áo bên hông xe vuốt từ trước về phía sau với điểm nhấn là tem xe FreeGo S kết hợp với những đường sọc đơn giản.  dàn áo freego s Dàn áo bên hông tạo điểm nhấn với tem xe độc đáo Vẫn giữ ngôn ngữ thiết kế đặc trưng, ở cả 2 phiên bản FreeGo 125 2023 và FreeGo phiên bản cũ đều được Yamaha trang bị cụm đèn pha full-LED hiện đại, trong khi đèn xi-nhan và đèn ban ngày là Halogen.  Đèn xi-nhan phía trước đặt khá thấp, nằm cùng khu vực với chắn bùn tạo cảm giác gom gọn lại giúp người lưu thông đối diện sẽ dễ dàng nhận thấy khi di chuyển.  Hiện tại, FreeGo 125 2023 đã cải tiến cường độ sáng của cụm đèn LED trước tốt hơn phiên bản trước, cụm đèn này đã có góc chiếu rộng hơn nên không còn gây khó khăn cho việc quan sát khi vào khúc cua ở những đoạn đường tối.   Mặc dù vậy, nếu người sử dụng hay đi những nơi đèo dốc có nhiều cua thì rất nên bổ sung thêm những giải pháp chiếu sáng khác để yên tâm khi chạy trong đêm.  Đèn sau Yamaha Freego 125 Cường độ sáng của cụm đèn LED cao và phạm vi chiếu sáng khá rộng Ở đôi xe là cụm đèn hậu, bao gồm đèn phanh và đèn xi-nhan tích hợp có thiết kế đơn giản vuốt hơi nhọn về sau. Phần đèn cảnh báo Stop sử dụng LED đỏ nằm tách biệt rõ ràng với cụm xi-nhan Halogen.  Hai bên đi kèm với đèn cảnh báo nguy hiểm Hazard giúp xe chiếu sáng tối ưu trong môi trường đô thị. Xe còn được trang bị tay vịn phía trên, giúp việc dắt xe thêm dễ dàng. Hơn nữa, cụm xi-nhan vẫn sử dụng loại Halogen để cảnh báo nguy hiểm tốt nhất  Có thể nói điểm tạo ra ấn tượng nhất trên Yamaha FreeGo 2023 có lẽ nằm ở cụm thiết kế đồng hồ khi hãng Honda giờ đây đã trang bị mặt đồng hồ Multi-Information Display (MID) hiển thị full LCD sắc nét, người sử dụng hoàn toàn có thể nhìn rõ ngay cả trong điều kiện ánh sáng có cường độ lớn vào ban ngày. Mặt đồng hồ có dạng hình vuông trông khá hiện đại và dễ nhìn.  đồng hồ yamaha freego s Cụm đồng hồ trang bị màn hình LCD sắc nét Bên cạnh đó, đồng hồ còn rất tiện lợi khi hiển thị đầy đủ các thông số tốc độ, quãng đường đi, lượng nhiên liệu, hệ thống đèn báo xi-nhan, Smartkey, tình trạng ắc quy và mức tiêu thụ nhiên liệu theo dạng vạch.  ghi đông freego yamaha Ghi đông cho tư thế lái rất thoải mái trong giao thông đô thị Ở phiên bản 2023, Yamaha FreeGo 125 có thêm các trang bị cao cấp hơn như hệ thống khóa thông minh SmartKey. Hệ thống này giúp tăng tính an toàn bằng cách kích hoạt khi người dùng giữ chìa khóa đang ở trong phạm vi giới hạn.  Ngoài ra, bằng núm xoay có thể thực hiện nhiều chức năng cho xe như: bật/tắt khóa điện, khởi động/dừng khởi động, khóa/mở cổ xe, mở yên xe, đóng/mở nắp bình xăng. Riêng ở phiên bản tiêu chuẩn vẫn sử dụng cụm khóa cơ truyền thống.  free go dùng smart key Xe FreeGo trang bị thêm hệ thống khóa thông minh SmartKey cao cấp Yamaha FreeGo 125 thiết kế vị trí bình xăng nằm ở dưới phía trước đầu xe, ngay phía trên chỗ để chân rất thuận tiện nhất cho người lái cho phép người dùng có thể mở nắp và đổ xăng dễ dàng với một nút nhấn.  Chức năng này giúp người lái tiện sử dụng mà không phải rời khỏi xe. Ngoài ra, cả 2 phiên bản Yamaha FreeGo đều có cổng sạc 12V dạng tẩu đặt phía trên khu vực ổ khóa rất tiện lợi.  nắp bình xăng free go yamaha Vị trí bình xăng rất thuận tiện nhất cho người lái Với thiết kế yên rộng và dài đến 770 mm, sàn để chân rộng rãi có thể dễ dàng thay đổi tư thế đặt chân kết hợp với vị trí ghi đông cao giúp cho người điều khiển có được khả năng vận hành thoải mái nhất. Đây là điều đặc biệt mà Yamaha FreeGo 125 làm rất tốt ở mẫu xe tay ga sử dụng thường xuyên trong đô thị.  Yên xe Yamaha 125cc Phần yên xe được thiết kế rộng rãi Phía dưới yên FreeGo 125 2023 là cốp có thể tích 25 lít, cốp xe có thể chứa được một mũ bảo hiểm full đầu loại vừa (hoặc 2 bảo hiểm nửa đầu) cùng vài vật dụng khác.  Ở phần đáy cốp có một lỗ nhỏ, nếu chẳng may làm đổ nước vào cốp, nước sẽ đi theo lỗ nhỏ này thoát ra ngoài. Về cơ bản, cốp xe Yamaha FreeGo ở mức đủ dùng, không quá thoải mái như những dòng xe cùng phân khúc khác.  tem xe freego yamaha Tem xe freego yamaha Mẫu xe mới ra mắt FreeGo 125 2023 sẽ được phân phối chính thức thông qua các cửa hàng bán xe do Yamaha ủy nhiệm với một số màu nổi bật như: Đỏ đen, Xám đen, Xanh rêu đen, Xanh dương đen.  Động cơ Yamaha FreeGo 125 FreeGo 125 đời 2023 là mẫu xe tay ga thế hệ mới nhất của Yamaha nên rất ưu ái khi sở hữu khối động cơ Blue Core 125cc thế hệ mới.  Piston và xy-lanh nhôm đúc (Piston & Diasil Cylinder), 4 thì, 2 van làm mát bằng không khí cung cấp công suất tối đa 9.5 mã lực tại 8.000 vòng/phút và mô-men xoắn cực đại 9,5 Nm tại 5.500 vòng/phút giúp xe vận hành êm ái, bền bỉ và tiết kiệm nhiên liệu.  động cơ yamaha freego FreeGo 125 sở hữu khối động cơ Blue Core 125cc thế hệ mới Yamaha FreeGo 2023 trang bị Smart Motor Generator (hệ thống phát điện thông minh) giúp cho xe khởi động êm ái và giảm thiểu tiếng ồn, giảm lượng khí thải phát sinh ra môi trường khi xe hoạt động.  Đi kèm với đó là bộ phun xăng điện tử FI hiện đại và hệ thống truyền động V-Belt chuyên nghiệp..  freego s Xe được trang bị hệ thống phát điện thông minh (Smart Motor Generator) So sánh một chút với các dòng xe tay ga cùng phân khúc khác, ta có thể nhận thấy động cơ Yamaha FreeGo 2023 “hơi yếu” tuy nhiên chúng ta phải xét thêm yếu tố trọng lượng thì FreeGo nặng 102 kg lại có lợi thế là nhẹ hơn các đối thủ khác đến 12 kg.  Thế nên, động cơ mạnh yếu không phải là yếu tố quyết định khi so sánh toàn bộ tổng thể giữa các dòng xe với nhau.  Theo một số chia sẻ khi trải nghiệm dòng xe FreeGo từ người dùng thì xe cho cảm giác bốc hơn những con số thể hiện trên giấy nhiều. Ở góc độ nào đó, FreeGo dư sức đem lại sự thích thú khi chạy trong đô thị và vừa đủ xài cho nhu cầu vượt xe.  Có lẽ, mấu chốt vấn đề ở đây là sức nặng của FreeGo khi xe sở hữu hệ thống làm mát bằng không khí, thế nên FreeGo sẽ nhẹ hơn rất nhiều so với những mẫu xe khác có động cơ làm mát bằng hệ thống dung dịch nặng nề.  yamaha freego 125 Trải nghiệm từ người dùng cho thấy xe cho cảm giác động cơ rất bốc Bình xăng của xe có dung tích là 4,2 lít và được bao bọc bằng thép không gỉ bảo vệ rất chắc chắn. Điểm tiện lợi của xe là bình xăng được đặt phía trước, có nắp ở đằng trước giúp lái xe dễ dàng đổ xăng.   Khung gầm của FreeGo 125 2023 là bộ khung under-bonded bằng thép giúp xe chống lại nhiều va chạm khi di chuyển. Khoảng thoáng gầm xe ở mức 135mm, khá thoải mái khi di chuyển ở những đoạn đường gồ ghề hoặc nhiều ổ gà.  Ngoài ra, Yamaha FreeGo 125 còn mang tới 2 trải nghiệm tiện lợi từ động cơ Blue Core thế hệ mới bao gồm tính năng khởi động nhanh với một nút nhấn (One-Push Start) và hệ thống dừng động cơ tạm thời (Stop & Start System).  Bộ phát điện thông minh vận hành theo cơ chế cho dòng điện chạy qua bộ phát điện theo chiều hướng ngược lại, tích hợp mô-tơ khởi động giúp xe khởi động êm ái và dễ dàng.  yamaha freego s Xe sở hữu tính năng khởi động nhanh với một nút nhấn và hệ thống dừng động cơ tạm thời Theo như hãng Yamaha cho biết ở phiên bản FreeGo 125 phiên bản 2023 thì ở hệ thống dừng động cơ tạm thời sẽ có 2 chế độ thông thường khi đường đông. Điều này giúp xe tiết kiệm nhiên liệu hơn đến 6% trong điều kiện thử nghiệm của Yamaha.  Trước mắt ở phiên bản FreeGo 125 2023 này thì xe khi dừng khoảng 3 giây, hệ thống Stop & Start sẽ tự động ngắt động cơ cho đến khi người lái vặn ga trở lại. Hệ thống này trên FreeGo sẽ mất khoảng 1 giây thì động cơ sẽ hoạt động trở lại sau khi vặn ga.  Mang đậm dấu ấn của các dòng xe thể thao nổi tiếng đã và đang làm nên tên tuổi của Yamaha, FreeGo 125 2023 sử dụng bánh trước và sau loại vành đúc 12 inch đa chấu đơn.  Lốp có kích thước lần lượt là phía trước 100/90, phía sau 110/90 mang đến trải nghiệm lái an toàn. Đồng thời làm nổi bật thiết kế xe và tăng cảm giác nhẹ nhàng, chắc chắn.  Mặt khác, FreeGo 125 có góc đánh lái rất rộng khi điều khiển trong phố hoặc trên đường dài. Kèm theo đó, lốp FreeGo 125 là loại không săm giúp hạn chế tình trạng nổ lốp do vật nhọn gây ra.  free go có phanh abs Hệ thống chống bó cứng phanh ABS hiện đại cho phanh đĩa ở bánh trước Điểm cộng lớn nhất ở FreeGo 125 phiên bản 2023 đó chính là bổ sung hệ thống chống bó cứng phanh ABS cho phanh đĩa ở bánh trước, trong khi bánh sau vẫn sử dụng hệ thống phanh tang trống.  Có thể nói Yamaha đã cân chỉnh cảm giác tay phanh của FreeGo rất chuẩn và hợp gu của người dùng. Không quá nhạy để tạo cảm giác bất ngờ, và không quá trễ khiến người lái thiếu tự tin.   Đặc biệt, Việt Nam là một đất nước nhiệt đới nên đường xá thường xuyên bị ẩm ướt bởi những cơn mưa thì hệ thống chống bó cứng phanh ABS của FreeGo 125 sẽ là một lựa chọn tốt.  Nhất là cho những người lái yếu như chị em phụ trong những tình huống phanh gấp trên mặt đường trơn trượt. Với một mẫu xe có giá chưa đến 40 triệu đồng mà được trang bị ABS thì không còn gì có thể tuyệt vời hơn.  Bên cạnh đó, hệ thống treo xe trước loại phuộc lồng, kết hợp với hệ thống treo sau đơn lệch một bên vận hành khá nhịp nhàng khi đi qua ổ gà hay gờ giảm tốc xe vẫn không quá xóc. Phong cách xe đẹp mắt, phù hợp với mọi lứa tuổi và cung đường.  ống xả free go yamaha Hệ thống ống xả của xe rất hầm hố Honda FreeGo 125 phiên bản 2023 có hệ thống ống xả rất hầm hố, chiếm diện tích lớn ở phần đuôi xe. Ngoài ra, mức tiêu hao nhiên liệu của FreeGo 125 cũng khá hợp lý với một chiếc xe tay ga 125cc.  Theo thống kê từ người sử dụng thì trong 1 tuần xe có thể đi được 121 km và khi đổ đầy bình lại thì hết 2,7 lít. Có nghĩa là FreeGo 125 đi được trung bình 45 km/lít xăng (hay tiêu hao 2,2 lít/100 km) trong điều kiện hỗn hợp 70% đường đô thị và 30% đường trường.'),
(41, 'MT-15', 'MT-15-B8D9-xanh-den-goc-1.png', 69000000, 65000000, 1, 2, 1, 'Yamaha MT-15 2023 | Giá xe MT 15 | Giá xe MT-15 mới nhất hôm nay 2023 tại Việt Nam  Mẫu xe môtô Yamaha MT-15 2023 được coi là phiên bản mới nhất thuộc bộ sưu tập  “MT-Series” với thiết kế hoàn toàn mới được lấy cảm hứng từ những người đàn anh như MT-09 và MT-10 mang lại vẻ ngoài đậm chất thể thao. MT 15 mới 2023 còn gây chú ý bởi khối động cơ 155cc tích hợp van biến thiên VVA & Slipper Clutch đem đến cảm xúc chinh phục tốc độ và đang là “hiện tượng” được cộng đồng dân chơi xe quan tâm nhất hiện nay.  Mt-15 - 1  Yamaha MT-15 mới 2023  Yamaha MT15 được coi là thế hệ thứ 2 kể từ lần đầu ra mắt tại thị trường Thailand và Indonesia với các tên gọi khác như M-Slaz, Xabre 150 hay TFX-150. Mẫu xe moto MT-15 có ngôn ngữ thiết kế khác hoàn toàn so với các mẫu xe trong cùng phân khúc Nakedbike hiện nay khi Yamaha MT-15 mới giờ đây trông cân đối hơn so với thế hệ cũ và mang đặc trưng hầm hố, đầy góc cạnh cơ bắp, tối giản chi tiết nhất có thể để đúng với phong cách Naked – Street Fighter và được coi là đối thủ cạnh tranh trực tiếp với CB150R trong cùng phân khúc khi bán chính thức tại Việt Nam.  Sau những đồn đoán thì MT-15 đã chính thức được giới thiệu tại thị trường Thailand trước thềm giải đua MotoGP và sau đó là thị trường Indonesia. Yamaha MT-15 tại Thái Lan có phiên bản màu gồm Trắng vành đỏ, Đen nhám vành xanh Neon (Night-Flou),  Đen vành đen, Xanh GP vành xanh dương.  Mt-15 - 2  Nằm trong phân khúc xe môtô tầm trung 150 phân khối, Yamaha MT-15 đời 2023 đã được bán chính thức tại Việt Nam và người tiêu dùng đã có thể đặt mua thông qua các đại lý bán xe tư nhân. Giá xe Yamaha MT-15 tại đại lý có mức giá 69.000.000 đồng ( Đã VAT, chưa bao gồm thuế ), giá xe MT-15 2023 hiện nay được coi là cực kỳ hấp dẫn nhằm cạnh tranh với các đối thủ trong cùng phân khúc như Suzuki GSX-S150....  Đánh giá tổng quan Yamaha MT-15 mới 2023 có gì? Là phiên bản tiếp nối thế hệ cũ, MT-15 đời 2023 giờ đây được sở hữu khối động cơ từ R15 mới và được tinh chỉnh lại nhằm mang lại cảm giác vận hành tốt hơn. Yamaha MT-15 có dung tích 155cc, SOHC 4 van làm mát bằng chất lỏng, tích hợp công nghệ van biến thiên VVA, công suất 19 mã lực tại 10.000 v/ph và mô-men xoắn 14,7 Nm tại 8.500 v/ph. Đi kèm là hộp số 6 cấp và bộ ly hợp chống trượt bánh (Slipper clutch) giúp xe có khả năng tiết kiệm nhiên liệu hơn.  Mt-15 - 3  Tổng thể thiết kế trên MT-15 2023 mới hoàn toàn khác biệt so với thế hệ trước và mang những nét đặc trưng của dòng MT-Series với xu hướng đẩy nhiều về phía trước kết hợp cùng 2 hốc gió nhỏ ôm lấy phần trục trước. Xe Yamaha MT-15 2023 có trọng lượng 133 kg, chiều dài x rộng x cao lần lượt là 1.965 mm x 800 mm x 1065 mm, chiều cao của yên xe ở mức là 810 mm và chiều dài cơ sở 1.335 mm.  Mt-15 - 4  MT-15 thế hệ mới vẫn được hãng Yamaha trang bị hệ thống khung sườn chính Delta Box và khung phụ sau nhôm tương tự như người đàn anh YZF-R15 giúp bảo đảm sự ổn định khi vận hành trên đường xấu,cũng như tinh chỉnh lại giúp hỗ trợ biker vận dụng tay lái linh hoạt khi xe vào cua gắt. Xe MT-15 với những tinh chỉnh mới giờ đây đã khắc phục được tính trạng mỏi tay lái khi vận hành trong thời gian dài vốn bị than phiền khác nhiều ở phiên bản cũ.  Mt-15 - 5  Ngoài những nâng cấp bên trong, Yamaha MT-15 còn tập trung thay đổi ngoại hình bên ngoài mà nổi bật nhất là phần đầu của xe khi sử dụng kiểu thiết kế góc cạnh đơn giản kết hợp tem xe, màu sơn tương phản làm nổi bật cụm đầu đèn hầm hố với đèn định vị và mặt nạ mang cảm hứng \'hai mắt\' cực độc đáo và ấn tượng   Mt-15 - 6  Mẫu xe côn tay MT-15 2023 có thiết kế cụm đèn pha thú vị khi sử dụng cụm đèn Projector ngay bên dưới đèn demi tích hợp 2 chế độ Cos – Pha, dạng tách rời với các cánh giải nhiệt trực tiếp từ gió giúp tản nhiệt tốt cho LED bên trong với cường độ ánh sáng mạnh.  Mt-15 - 7  Tuy nhiên khá đáng tiếc khi xe MT-15 lại sử dụng cụm xinhan trước bằng bóng Halogen truyền thống và đặt tách rời 2 bên phía trên khá thô và mất liền lạc hơn nếu so sánh với người đàn anh MT-09 đặt bên dưới.  Cụm ghi đông trên mẫu xe môtô mới ra mắt 2023, MT-15 vẫn sử dụng loại ghi đông như thế hệ trước nhưng đã được Yamaha khéo léo tinh chỉnh lại nhằm giúp mang đến khả năng vận hành thoải mái, linh hoạt hơn bằng cách hạ thấp hơn kết hợp với vị trí yên thay đổi tạo tư thế ngồi đổ người về trước.  Mt-15 - 8  Không ngoại lệ, Yamaha MT-15 2023 mới cũng được trang bị cụm đồng hồ full LCD tương tự như R15 và V-ixion R chỉ thay đổi màu nền giúp tăng khả năng hiển thị và hiển thị đầy đủ các chức năng thị tốc độ, số đang gài, tình trạng xăng, VVA Van biến thiên, Odo, trip, mức tiêu hao nhiên liệu v.v…  Mt-15 - 9  Cụm công tắc trái - phải trên xe MT-15 thế hệ mới vẫn được bố trí với các nút bấm cơ bản như Fa-Cos, tắt máy nhanh, kèn, xinhan hai bên hợp lý giúp dễ dàng thao tác khi lái.  Sở hữu thiết kế đặc trưng của MT-Series, cụm bình xăng trên Yamaha MT-15 với dung tích 10.4 lít có thiết kế bình xăng góc cạnh kết hợp với 2 rãnh lấy gió tản nhiệt 2 bên tương tự mẫu MT-07 giúp tạo cảm giác to lớn và cơ bắp hơn cho xe.    Mt-15 - 10  Bên hông thân xe, Yamaha MT-15 đời 2023 khá nổi bật với logo MT-15 cách điệu bằng kim loại.  Xe Yamaha MT-15 sử dụng kiểu yên liền cả người ngồi trước và sau thay cho yên rời như trước giúp êm ái hơn giúp người lái có thể vận hành thỏa mái hơn trên những cung đường dài.  Mt-15 - 11  Mẫu xe moto MT-15 201 giờ đây đã được tinh chỉnh phần khung đuôi sau khi kéo dài ra cũng như hạ thấp xuống chứ không còn nhô cao như thế hệ trước vốn bị than phiền khá nhiều. Hệ thống chiếu sáng phía sau sử tương tự phía trước khi đèn hậu dùng LED và xinhan sau bóng Halogen.  Mt-15 - 12  Yamaha MT-15 2023 được trang bị phuộc USD 37 mm ở phía trước và một bộ giảm xóc đơn xử lý giảm chấn phía sau. Chịu trách nhiệm hãm tốc cho xe là bộ phanh đĩa 292 mm ở phía trước và 220 mm ở phía sau. MT-15 mới sử dụng bánh xe hợp kim 17 inch, lốp trước loại 110 và sau loại 140.   Mt-15 - 13  Xe moto Yamaha MT-15 đã chính thức có mặt trên thị trường Việt Nam thông qua hệ thống cửa hàng bán xe và dịch vụ sửa chữa do Yamaha ủy nhiệm trên toàn quốc với chế độ bảo hành 3 năm hoặc 30.000 km.'),
(42, 'MT-09', 'MT-9.jpg', 345000000, 320000000, 1, 2, 1, 'Yamaha MT-09 | Giá xe MT-09 | Giá xe Yamaha MT-09 mới nhất tại Việt Nam  Yamaha MT-09 - “Dark Side of Japan” với những công nghệ và trang bị cao cấp dành cho xe đua được coi là thế hệ mới nhất với thiết kế ngoại hình hoàn toàn mới, là bước đột phá ấn tượng được thừa hưởng ADN các dòng MT Series. MT-09 phiên bản tiêu chuẩn sau khi được chính thức ra mắt vào cuối năm ngoái với nhiều thay đổi về ngoại hình, thì mới đây Giá xe MT-09 bản tiêu chuẩn chính hãng Việt Nam đã được YAMAHA công bố với mức giá 345.000.000đ (Đã bao gồm VAT, chưa phí trước bạ và biển số). Ngoài ra, Giá xe Yamaha MT-09 bản SP có mức giá 369.000.000đ.  Mt-09 - 1  Yamaha MT-09 bán chính hãng tại Việt Nam  Yamaha MT-09 2023 có ngôn ngữ thiết kế khác hoàn toàn so với các mẫu xe trong cùng phân khúc Nakedbike với lối thiết kế đặc trưng hầm hố, đầy góc cạnh và cơ bắp, tối giản chi tiết nhất có thể nhưng vẫn giữ được nét đặc trưng của dòng xe mô tô đường phố MT- Series. Nakedbike MT-09 tại thị trường Châu Âu sẽ có giá bán chính thức là 10.999 USD, cao hơn 1.600 USD so với bản tiêu chuẩn và đây được xem là đối thủ trực tiếp của Triumph Speed Triple RS và KTM 890 Duke R trong cùng phân khúc.  Yamaha MT-09 mới 2023 với tùy chọn 3 màu Cyan Storm, Icon Blue và Tech Black cho phiên bản tiêu chuẩn. MT-09 mới sở hữu kích thước tiêu chuẩn 2,090 mm x 795 mm x 1,190 mm (Dài x rộng x cao), chiều cao yên xe là 825 mm cao hơn 5 mm so với phiên bản cũ, chiều dài cơ sở ở mức 1,430mm, khoảng sáng gầm 140mm, trọng lượng của xe là 190kg khi đổ đầy xăng và dầu.  Mt-09 - 2  Yamaha MT-09 mới giờ đây được thiết kế cụm đầu đèn mang hơi hướm hiện đại và có phần dị biệt khi cụm đèn chiếu sáng Projector đi cùng 2 dải LED định vị có tạo hình sắc sảo hơn giúp chiếc xe trở nên thể thao từ mọi góc nhìn đặc biệt là về đêm.  Mt-09 - 3  Đèn xi-nhan MT-09 mới 2023 được di chuyển xuống vị trí khá thấp ngay cạnh két nước tản nhiệt có phần dễ nhìn và sắc cạnh hơn.  Mt-09 - 4  Cụm đồng hồ hiển thị trên xe pkl MT-09 được trang bị dạng màn hình TFT 3,5 inch lớn làm nổi bật toàn bộ diện mạo của MT-09 2021.  Mt-09 - 5  Các thiết bị hỗ trợ người lái, bao gồm: hệ thống Traction Control, Slide Control, wheelie control (có thể tắt), cornering ABS và Quickshifter đều có thể điều chỉnh nhanh thông qua cụm nút bấm bố trí 2 bên tay lái. Đặc biệt hệ thống ga tự động Cruise Control chỉ xuất hiện trên phiên bản SP và được coi là trang bị tiêu chuẩn theo xe chứ không phải là option nữa có thể kích hoạt hệ thống này khi chạy xe từ số 4 với tốc độ trên 50 km/h. Mức tốc độ thay đổi tối thiểu khi điều chỉnh là 2 km/h.  Mt-09 - 6  Bình xăng MT-09 2023 vẫn được tạo dáng cơ bắp với 2 khe hút gió lớn 2 bên tương tự phiên bản MT-09 cũ với dung tích 14 lít cùng dung tích nhớt 3,5 Lít.  Mt-09 - 7  Khung sườn của xe MT-09 lẫn phiên bản tiêu chuẩn vẫn không thay đổi gì so với đời trước. Yamaha vẫn trung thành với khung sườn dạng kim cương Delta Box với các ống thép chịu lực từ khung phụ giúp xe ổn định hơn khi di chuyển tốc độ cao cũng như cãi thiện khả năng vô cua.  Mt-09 - 8  Yên trước và sau được làm liền khối với nhau, yên trước lõm xuống không quá nhiều nhưng cũng đủ làm cho chân người lái ôm sát lấy bình xăng phình to phía trên để tăng khả năng núp gió. Về mặt thẩm mỹ thì Yamaha đã sử dụng một chiếc yên thiết kế riêng dành cho MT-09 2021, với những đường chỉ khâu có màu tương phản, làm tăng thêm phong cách thể thao và độ bền cho yên xe.  Mt-09 - 9  Bộ khung phụ ở đuôi sau Yamaha MT-09 2023 nay đã tích hợp vị trí gắn biển số và đèn tín hiệu, bỏ qua kiểu thiết kế biển số rời kẹp bên hông gắp sau như ở phiên bản trước đây. đã làm cho phần đuôi sau của MT-09 thêm phần thể thao và đẹp mắt.  Mt-09 - 10  Phần phuộc trước của xe moto MT-09 vẫn dùng phuộc ống lồng ngược của KYB, nhưng là loại cao cấp hơn, có thể điều chỉnh mức giảm xóc phù hợp cho từng điều kiện vận hành, đồng thời thân phuộc có thêm lớp phủ DLC để làm giảm ma sát.  Mt-09 - 11  Trong khi đó hệ thống giảm xóc sau của KYB trên bản tiêu chuẩn đã được thay thế bằng chiếc phuộc Ohlins xịn xò, với khả năng điều chỉnh trước tải từ xa, giúp người lái chủ động tăng/giảm chiều cao yên một cách nhanh chóng và tiện lợi.  Mt-09 - 12  Ở phiên bản MT-09 mới được YAMAHA trang bị bộ mâm xe 10 chấu Spin Forged 17 inch siêu nhẹ với thiết kế hoàn toàn mới. Phanh đĩa trước dạng đôi, đường kính 298 mm đi cùng lốp trước 120/70ZR17. Phanh đĩa sau dạng đơn đường kính 245 mm đi cùng lốp 180/55/ZR17.  Mt-09 - 13  Về sức mạnh động cơ, Yamaha MT-09 2023 mới vẫn được trang bị động cơ Crossplane 3 xy-lanh thẳng hàng, dung tích 889 cc, sản sinh công suất 117,3 mã lực tại 10.000 vòng/phút và mô-men xoắn cực đại 93 Nm tại 7.000 vòng/phút. Sức mạnh được truyền đến bánh sau thông qua hộp số 6 cấp đi kèm hệ thống sang số nhanh và bộ ly hợp chống trượt.  Mt-09 - 14  Theo Yamaha cho biết khối động cơ của MT-09 mới nhất 2023 với thiết kế mới kết hợp ống xả đối xứng trái / phải, có trọng lượng nhẹ hơn 1,4 kg so với phiên bản trước đây. Hệ thống ống xả này cũng đã được điều chỉnh đặc biệt, để tạo ra cảm giác mô-men xoắn nâng cao khi người lái cần tăng tốc ở điểm dừng hoặc khi vừa ra cua ở tốc độ thấp.  Mt-09 - 15  Yamaha MT-09 đã chính thức có mặt trên thị trường Việt Nam thông qua hệ thống cửa hàng bán xe và dịch vụ sửa chữa do Yamaha ủy nhiệm trên toàn quốc với chế độ bảo hành 3 năm hoặc 30.000 km.'),
(43, 'MT-07', 'MT-7.jpg', 259000000, 250000000, 1, 2, 1, 'Yamaha MT-07 2023 | Giá xe MT-07 | Giá xe Yamaha MT-07 mới nhất 2023 tại Việt Nam  Xe moto MT-07 2023 được coi là thế hệ hoàn toàn mới mang phong cách Hyper Naked cỡ trung của Yamaha khi nâng cấp về thiết kế, trang bị và tinh chỉnh động cơ để đáp ứng tiêu chuẩn khí thải mới tại châu Âu. MT-07 được giới thiệu ngay sau khi mẫu xe MT-09 ra mắt không lâu với nhiều thay đổi về ngoại hình. Giá xe MT-07 mới nhất được phân phối tại thị trường Việt Nam với 3 phiên bản màu sắc: Storm Fluo, Icon Blue, Tech Black với giá bán 259 triệu đồng.  Mt-07 - 1  Mẫu xe Yamaha MT-07 mới nhất 2023 vừa ra mắt  Yamaha MT-07 2023 có ngôn ngữ thiết kế khác hoàn toàn so với các mẫu xe trong cùng phân khúc Hyper Nakedbike với lối thiết kế thay đổi theo hướng mạnh mẽ và hầm hố hơn so với phiên bản cũ. Nakedbike MT-07 mới được xem là đối thủ cạnh tranh trực tiếp với Honda CB650R và Triumph Trident 660.  Xe pkl MT-07 có thiết kế thay đổi hoàn toàn khác biệt so với phiên bản tiền nhiệm khi sử dụng phong cách “Dark Side” cho ngôn ngữ thiết kế mới của mình. MT-07 mới sở hữu kích thước tiêu chuẩn 780 x 1,105 mm (Rộng x Cao), chiều cao yên xe là 805 mm, khoảng sáng gầm 104 mm, trọng lượng của xe là 184 kg khi đổ đầy xăng và dầu.  Mt-07 - 2  Yamaha MT-07 mới có thiết kế đầu đèn thay đổi đáng kể khi cụm đèn chiếu sáng Projector đi cùng 2 dải LED định vị có tạo hình sắc sảo hơn giúp chiếc xe trở nên thể thao từ mọi góc nhìn đặc biệt là về đêm.  Mt-07 - 3  Đèn xi-nhan MT-07 được di chuyển xuống vị trí khá thấp ngay cạnh cụm ghi đông tay lái có phần dễ nhìn và sắc cạnh hơn.  Mt-07 - 4  Xe được trang bị thêm 1 miếng ốp bảo vệ 1 ống xả và 1 tấm bảo vệ két nước.  Mt-07 - 5  Yamaha cho biết MT-07 mới nhất 2023 có ghi-đông được mở rộng 30 mm, giúp tư thế điều khiển thoải mái hơn nhưng vẫn tạo cảm giác đua (supermoto) hơn một chút.  Mt-07 - 6  Cụm đồng hồ hiển thị trên MT-07 có giao diện mới hiện đại và trực quan hơn. Dải vòng tua máy được hiển thị phía trên, ở trung tâm là vận tốc trong khi cụm báo vị trí số nằm ở góc phải.  Mt-07 - 7  Bình xăng MT-07 đời 2023 được thiết kế cao gồ ghề nhiều góc cạnh với dung tích 14 lít kết hợp với khối động cơ thế hệ mới giúp mẫu xe này có quảng đường di chuyển tiết kiệm nhiên liệu hơn so với thế hệ trước đó.  Mt-07 - 8  Khung sườn của xe moto MT-07 hãng YAMAHA không thay đổi gì so với đời trước. Yamaha vẫn sử dụng khung sườn dạng kim cương Delta Box với các ống thép chịu lực từ khung phụ giúp xe ổn định hơn khi di chuyển tốc độ cao cũng như cãi thiện khả năng vô cua.  Mt-07 - 9  Ở đuôi sau Yamaha MT-07 trang bị cụm đèn hậu LED cũng đã thiết kế lại kết hợp với bộ pat biển số mới tích hợp mắt mèo phản quang, đèn biển số đã làm cho phần đuôi sau của MT-07 thêm phần thể thao và đẹp mắt.  Mt-07 - 10  Phần phuộc trước của MT-07 được nâng cấp nhẹ và theo Yamaha mẫu xe này sử dụng phuộc ống lồng phía trước với hành trình 41mm và phuộc đơn monoshock phía sau có thể tùy chỉnh theo nhu cầu sử dụng khác nhau. Ngoài ra hãng đã trang bị lốp Michelin Road 5 cho cả 2 bánh trước và sau với thông số lần lượt là 120/70 bánh trước và 180/55 bánh sau.  Mt-07 - 11  Về sức mạnh động cơ, Yamaha MT-07 mới vẫn có dung tích 689 cc. Để đáp ứng tiêu chuẩn khí thải Euro 5, cỗ máy này được tinh chỉnh lại thông số, công suất tối đa đạt 72,3 mã lực tại 8.750 vòng/phút và mô-men xoắn cực đại đạt 67 Nm tại 6.500 vòng/phút. Ở đời trước, MT-07 có thông số 73,7 mã lực và 68 Nm. Hộp số là loại côn tay 6 cấp  Mt-07 - 12  Theo Yamaha cho biết khối động cơ của MT-07 2023 sử dụng heo Nissin 4 pit cho phanh đĩa trước với đường kính là 298mm và heo Nissin cho phanh đĩa sau với đường kính là 245mm. Chiếc xe này được trang bị ABS cả trước và sau.'),
(44, 'RAIDER 2023', 'RAIDER 2023.jpg', 45990000, 41290000, 7, 7, 1, 'Suzuki Raider 2023 | Giá xe Raider 2023 | Xe côn tay Raider 150 FI 2023 | Giá xe Raider 150 FI mới nhất hôm nay 2023  Suzuki Việt Nam vừa chính thức ra mắt xe côn tay Raider 150 Fi phiên bản mới 2023 với 3 màu mới là xanh mờ, đen/đỏ và xanh đencam, được thiết kế thời trang hơn và thể thao hơn. Raider 2023 được bổ sung tông màu mới với bộ tem thể thao mạnh mẽ theo xu hướng đang được ưa chuộng bởi khách hàng trẻ hiện nay. Giá xe Raider 2023 được hãng Suzuki đề xuất cho phiên bản tem nổi là 50.990.000 và phiên bản tem đỏ bạc là 51.190.000 VNĐ.  Raider 2023 - 1  Raider 150 Fi 2023 phiên bản tem nổi màu trắng xanh mới  Thiết kế Raider 2023 thể thao mạnh mẽ Suzuki Raider 2023 vẫn giữ nguyên thiết kế kiểu dáng độc đáo Hyper Underbone với bộ tem xe có thiết kế hoàn toàn mới trẻ trung và cá tính. Xe côn tay Raider 150 2023 trang bị khối động cơ 150cc DOHC, 4 thì, 4 vales, làm mát bằng dung dịch cho khả năng vận hành mạnh mẽ và tăng tốc vượt trội, nhanh và mạnh nhất trong phân khúc. Đồng thời, Raider 2023 còn được trang bị hệ thống phun xăng điện tử tiến tiến giúp tiết kiệm nhiên liệu. Tất cả được phát triển trên nền tảng công nghệ tiên tiến của Suzuki vốn đã ứng dụng và phát triển trên các dòng xe thể thao phân khối lớn danh tiếng như GSX-R1000 và dòng xe đua MotoGP nổi tiếng GSX-RR.  Raider 2023 - 2  Raider 2023 màu xanh nhám phiên bản tem đỏ bạc  Raider 150 FI 2023 được suzuki ưu tiên cho tốc độ và sức mạnh nên phần đầu xe vẫn được thiết kế nhỏ gọn \"núp gió\" được tốt hơn. Hệ thống đèn pha LED với cấu trúc 2 tầng có thiết kế mạnh mẽ và hiện đại.  Raider 2023 - 3  Raider 150 Fi 2023 sở hữu các kích thước dài x rộng x cao 1.960 x 675 x 980 mm, chiều dài cơ sở 1.280 mm, chiều cao yên xe là 765 mm. Khoảng sáng gầm 150 mm, xe sẽ có trọng lượng khô là 109 kg cùng bình xăng có dung tích 4 lít. Khung sườn Raider 150 mới 2023 được làm bằng ống thép vuông theo công nghệ Suzuki Advanced Twin Spar, với cấu trúc cứng cáp được tối ưu khi xe chạy ở tốc độ cao.   Raider 2023 - 4  Đồng hồ Full LCD trên Raider 2023 Raider 2023 được trang bị bộ đồng hồ kỹ thuật số full LCD đầy hiện đại và hiển thị đầy đủ các thông số cần thiết. Khởi động nhanh và dễ dàng với 1 thao tác ấn - thả bởi công nghệ nút khởi động thông minh Suzuki Easy Start System.  Raider 2023 - 5  Động cơ Raider FI 2023 mạnh mẽ Động cơ Raider FI 2023 là xy-lanh đơn, DOHC, cam đôi, 4 van, 4 thì với dung tích 147,3 phân khối, hệ thống làm mát bằng dung dịch, phun xăng điện tử, công suất 18,45 mã lực tại vòng tua máy 10.000 vòng/phút, mô-men xoắn cực đại 13,8 Nm. 13,8 Nm tại vòng tua 8.500 vòng/phút, kết hợp cùng hộp số 6 cấp độ và đáp ứng được tiêu chuẩn về khí thải Euro3. Piston mới làm bằng công nghệ đúc áp lực và xi-lanh mạ gốm điện hóa giúp động cơ mới của Raider 2023 bền bỉ hơn.   Suzuki Raider R150 2023 được kế thừa công nghệ động cơ GSX tiên tiến đã từng được ứng dụng và phát triển trên các dòng xe danh tiếng như GSX-R1000 và GSX-RR đã giúp Raider R150 Fi 2023 thỏa mãn được đam mê bứt tốc của các bạn trẻ yêu thích dòng xe côn tay cá tính. Đây là mẫu xe côn tay có khả năng vận hành nổi bật và khả năng tăng tốc tốt trong phân khúc xe 150 cc.  Raider 2023 - 6  Tản nhiệt bằng dung dịch trên Raider 150 FI 2023 Raider 150 FI 2023 trang bị bộ phận giải nhiệt bằng dung dịch giúp cho động cơ giữ được sự ổn định trong những chuyến đi dài, khi mà động cơ phải hoạt động nhiều đồng thời tăng tuổi thọ động cơ lên rất nhiều lần.   Raider 2023 - 7  Phanh đĩa an toàn trên Raider Fi 2023 Suzuki Raider 150 Fi 2023 được trang bị phanh trước là phanh đĩa đơn với đường kính 330 mm và phanh sau là phanh đĩa đơn có đường kính 220 mm, đi cùng theo đó là cặp mâm hình chữ Y quen thuộc với kích thước lốp là 70/90-17 trước và 80/90-17 sau. Cùng với hệ thống phuộc trước dạng ống lồng và phuộc sau trụ đơn giúp xe vận hành an toàn khi đi tốc độ cao.  Raider 2023 - 8  Phiên bản mới Raider 2023 mới ra mắt sẽ mang thêm phần sôi động cho phân khúc xe côn tay 150 ở Việt Nam hiện nay. Xe côn tay Suzuki Raider 2021 đang được bán thông qua hệ thống cửa hàng bán xe và dịch vụ sửa chữa do Suzuki Ủy nhiệm trên toàn quốc với chế độ bảo hành 3 năm hoặc 30.000 km tùy theo điều kiện nào đến trước.'),
(45, 'BMW R18 2023', 'BMW R18 2023.jpg', 929000000, 890990000, 8, 8, 1, 'BMW R18 2023 | Giá xe BMW R18 | Giá xe BMW R 18 2023 mới nhất tại Việt Nam  BMW R18 2023 vừa ra mắt được coi là mẫu Cruiser cao cấp và cũng là mẫu xe có dung tích động cơ lớn nhất của hãng xe Đức. Mẫu xe R 18 2023 của hãng BMW được xếp vào dòng Heritage, gồm những mẫu xe tôn vinh giá trị truyền thống của hãng xe Đức.  Bmw r18 2023 - 1  BMW R18 2023 được phân phối chính hãng tại Việt Nam  R 18 được hãng BMW Motorrad giới thiệu lần đầu vào tháng 4/2020 và đã trở nên nổi tiếng từ khi ra mắt mẫu Concept vào năm 2018. Xe môtô BMW R 18 với thông điệp “Soul is all that matters” gợi lại hình ảnh của chiếc BMW R 5 trước đây với khung sườn đôi tiên tiến, hộp số 4 cấp vận hành bằng chân, động cơ Boxer OHV (Over Head Valve), công suất mạnh mẽ. Mẫu xe moto R 18 thể hiện mong muốn chinh phục trái tim, cảm xúc và tâm hồn của người cầm lái thông qua các giá trị lịch sử của mẫu xe di sản R 5 ở thập niên 1930 trước đó.   Tại thị trường Việt Nam, BMW R18 2023 được chính thức bổ sung thêm vào danh sách xe được phân phối chính hãng tại Việt Nam. Giá xe BMW R 18 202023 cho bản tiêu chuẩn là 929.000.000 VNĐ và 1.039.000 VNĐ cho phiên bản BMW R 18 First Edition được bổ sung thêm các chi tiết như đường viền màu trắng ở thân xe, các chi tiết mạ chrome và logo BMW màu vàng đồng. Theo như đánh giá, mẫu xe BMW R 18 mới tại thị trường Việt Nam chỉ phải cạnh tranh với một số mẫu xe như Triumph Rocket 3 (869-899 triệu), Harley-Davidson Fat Boy 114 (từ 789 triệu đồng).  Bmw r18 2023 - 2  Thiết kế tổng thể của mẫu xe BMW R 18 mới 2023 mang tính khí động học nhiều hơn. Khung xe sử dụng hợp kim thép ống vòng đôi - phong cách quen thuộc của những chiếc môtô cổ điển BMW. Ngoài ra thiết kế trên R 18 hãng BMW có tổng thể, kích thước to lớn, bệ vệ để phù hợp với khối động cơ boxer cỡ lớn. Nhìn từ xa, xe nổi bật với hệ thống giảm xóc trước cỡ lớn, hệ thống ống xả 2 bên kéo dài.   Bmw r18 2023 - 3  Khung sườn mang phong cách cổ điển đặc trưng  BMW R18 đời 2023 sở hữu tổng thể với chiều Dài x Rộng x Cao là 2.441 x 965 x 1.125 (mm), chiều dài cơ sở đạt 1.729 mm và chiều cao yên 690 mm. Một trong những đối thủ của R 18 tại Việt Nam là Triumph Rocket 3 có chiều rộng 889 mm, cao 1.065 mm, trục cơ sở dài 1.677 mm và chiều cao yên 773 mm. So với đối thủ, R 18 nhỉnh hơn ở các số đo kích thước và chỉ kém ở chiều cao yên, vị trí gác chân được bố trí thấp xuống giúp không gây nhiều mệt mỏi như đa số những chiếc xe nặng ký khác.  Bmw r18 2023 - 4  BMW R18 2023 đã được hãng trau truốt diện mạo mới với thiết kế đèn pha full LED tích hợp công nghệ nghiêng theo góc lái (Headlight Pro – Adaptive Curve Light) duy nhất trong phân khúc, đảm bảo tầm nhìn vượt trội trong cua, kèm đèn chiếu sáng ban ngày hình lưỡi liềm đậm chất cổ điển đặc trưng BMW Motorrad.giúp chiếc xe trở nên cân đối, ngầu hơn.  Bmw r18 2023 - 5  BMW R18 với thiết kế ghi đông kiểu cao mang lại tư thế lái hoàn toàn thoải mái tạo tư thế lái hơi chồm tới giúp người lái tự tin và làm chủ xe hơn khi luồng lách trong thành phố cũng như tăng tốc.  Bmw r18 2023 - 6  Bảng điều khiển trung tâm R 18 2023 sử dụng cụm đồng hồ hình tròn dạng Analog truyền thống đi kèm màn hình LCD khắc dòng chữ “BERLIN BUILT” (sản xuất tại Berlin) thể hiện chất lượng cốt lõi “Made In Germany” hiển thị các thông số về vận tốc, vòng tua máy cũng như số đang gài rất rõ ràng.  Bmw r18 2023 - 7  Trên mẫu xe Cruiser BMW R 18 còn sở hữu trang bị khá hiện đại dù mang kiểu dáng cổ điển chính là cụm chìa khóa thông minh Keyless Ride, tương tự các mẫu xe thế hệ mới của BMW ra mắt trong thời gian gần đây.  R 18 có 3 chế độ lái gồm Rain, Roll và Rock. Các công nghệ hỗ trợ gồm hệ thống cân bằng điện tử, chức năng kiểm soát lực kéo, hệ thống hỗ trợ lùi xe và tính năng khởi hành ngang dốc.  Bmw r18 2023 - 8  Bình xăng được hãng BMW trang có thiết kế hình giọt nước truyền thống với dung tích 16 lít. Trên bản First Edition, bình xăng được viền trắng tạo thêm sự khác biệt so với phiên bản tiêu chuẩn.  Bmw r18 2023 - 9  BMW R 18 mới nhất 2023 đã không sử dụng hệ thống treo với phuộc trước kiểu USD mà thay vào đó là giảm xóc dạng ống lồng truyền thống đường kính 49 mm, hành trình 120mm phía trước và sau monoshock có thể điều chỉnh tải trọng với hành trình 89mm có khả năng điều chỉnh theo trọng lượng và độ cứng thích ứng tốt theo điều kiện mặt đường mang lại sự êm ái khi qua địa hình dằn sốc và tự tin hơn khi vào cua.  Bmw r18 2023 - 10  Trên R 18 mới nhất 2023 phần yên xe với độ cao 690 mm phù hợp với vóc dáng đa số người Việt và còn là lợi thế khi yên xe thấp giúp chủ xe xoay trở dễ dàng chiếc cruiser hạng nặng.  Bmw r18 2023 - 11  BMW R 18 2023 được trang bị cặp vành căm 19-17 đi kèm bộ lốp kích thước 120/70-19 cho bánh trước và 180/65-17 cho bánh sau. Toàn bộ đĩa phanh trên xe có chung kích thước là 300mm với phanh trước là cặp heo 4 piston và sau là một heo 4 piston sau giúp thể hiện phong cách cổ điển đích thực. Ngoài ra ở bản BMW R 18 First Edition được sử dụng kẹp phanh ốp chrome tạo điểm nhấn khác biệt cho chủ sở hữu.  Bmw r18 2023 - 12  Trên phiên bản mới BMW F800R sở hữu động cơ Boxer 2 xy-lanh Flat-Twin, dung tích 1.802 cc, làm mát bằng không khí, sản sinh công suất 91 mã lực và mô-men xoắn 150 Nm. Đây là động cơ boxer dung tích lớn nhất được trang bị cho một mẫu xe của BMW. Do đó, động cơ này còn được gọi là \"Big Boxer\" giúp vận tốc tối đa được giới hạn ở mức 180 km/h..  Bmw r18 2023 - 13  R 18 mới có thêm số lùi Reverse Assist để người lái dễ dàng xoay trở hơn. Bộ số lùi được đặt sau cần số, người lái chỉ cần ấn nút đề để lùi xe chiếc cỡ lớn này. R 18 sử dụng hệ thống truyền động trục các-đăng lộ ra ngoài.  Bmw r18 2023 - 14  Ngoài ra BMW R 18 2023 mới còn có vị trí đặt chân được gọi là “Mid-Mounted footpegs” – “Gác chân giữa”. Việc để chân ngay phía sau xi-lanh động cơ không chỉ là điểm đặc trưng của BMW mà còn tạo nên tư thế lái thoải mái và chủ động'),
(46, 'BMW K1600B', 'BMW K1600B.jpg', 1029000000, 990990000, 8, 8, 1, 'BMW K1600B 2023 | Giá xe K1600B | Giá xe BMW K1600B mới nhất tại Việt Nam  Mẫu xe moto BMW K1600B thuộc dòng xe Touring Bagger sở hữu nhiều trang bị công nghệ hiện đại vừa được BMW được nhập và phân phối chính hãng từ Đức về Việt Nam theo dạng tiểu ngạch. K1600B 2023 với thiết kế mới mẻ cùng hàng loạt trang bị đặc sắc hứa hẹn được xem là đối thủ cạnh tranh trực tiếp với các mẫu xe như Honda Gold Wing F6B và Harley-Davidson Street Glide.  Bmw k1600b - 1  Mẫu xe Touring BMW K1600B vừa được bán tại Việt Nam  BMW K1600B mới là mẫu xe Touring hiệu suất cao được phát triển dựa trên Concept 101 ra mắt tại Concorso d’Eleganza Villa d’Este vào năm 2015, với phương châm “Spirit of the Open Road” . Sang Trọng, Quyền Lực là những mỹ từ dùng để mô tả về mẫu xe PKL K1600B này, đây được coi là mẫu xe được hãng BMW chăm chút nhất từ trước đến giờ cả về ngoại hình lẫn sức mạnh giúp người lái có những chuyến hành trình vô cùng mãnh liệt.   Tại thị trường Mỹ, giá xe K1600B có giá bán vào khoảng 20.000 USD với phiên bản tiêu chuẩn Trong khi đó tại Việt Nam, giá xe BMW K1600B phiên bản Full Options có giá khá chát vào khoảng 55.000 USD (1,25 tỷ VNĐ). Xuất hiện lần đầu tiên vào năm 2017 tại triển lãm EICMA, mẫu xe phân khối lớn BMW K1600B mang phong cách Touring Bagger cực kỳ phong cách dựa trên K1600GT/GTL với thiết kế lại phần đuôi thuôn dài, trang bị hai thùng đồ, bánh to cùng trọng tâm thấp.  Bmw k1600b - 2  Mẫu xe PKL BMW K1600 B được xem là dòng xe đường trường cực kỳ mạnh mẽ khi được hãng xe đến từ Đức trang bị khối động cơ 6 xy-lanh ( 4 van mổi xy-lanh), làm mát bằng dung dịch, dung tích 1.649 cc, tỉ số nén 12.2:1 giúp sản sinh công suất tối đa 158 mã lực tại tua máy 7.750 vòng/phút và mô-men xoắn cực đại 175 Nm. K1600 B 2023 sở hữu ba chế độ vận hành: Rain (Trời mưa), Road (Đường thường) và Dynamic (Năng động) đi kèm với hệ thống kiểm soát bám đường và hộp truyền động 6 cấp kết hợp nhuần nhuyễn với hệ thống kiểm soát lực kéo. Ngoài ra xe còn được trang bị chức năng lùi tiêu chuẩn được kích hoạt bằng nút bấm thông qua tay lái.  Bmw k1600b - 3  Tổng thể thiết kế của mẫu xe BMW K1600B mới nhất 2023 dựa trên phong cách Touring Bagger nổi bật với những đường nét thiết kế sắc sảo, góc cạnh, thùng đồ sau được loại bỏ, thùng xe hai bên hông đặt thấp, thon gọn, vị trí ghi đông thấp giúp hạ trọng tâm của xe khiến cho xe không thể lầm lẫn với các dòng xe khác. K1600B mới 2023 có chiều dài Dài x Rộng x Cao lần lượt là 2.470 x 1.000 x 1.300 mm, chiều dài cơ sở 1.618 mm, trọng lượng vào khoảng 336 kg.  Bmw k1600b - 4  Thiết kế phần đầu xe của BMW K1600B cực kỳ ấn tượng với kích thước lớn chiếm toàn bộ diện tích kết hợp với kính chắn gió chỉnh điện, đèn xi-nhan LED được đặt 2 bên nằm dưới gương chiếu hậu cùng hốc gió hình mỏ chim nằm ẩn dưới đầu đèn giúp đưa gió vào bên trong. Đây cũng là mẫu xe cao cấp được trang bị công nghệ đèn pha thông minh Adaptive Head Light chiếu sáng tự động theo góc lái của người điều khiển xe, ánh sáng từ đèn Xenon không chiếu sáng trực tiếp mà được phản xạ thông qua gương, cũng nhằm hạn chế làm chói mắt xe đi hướng ngược lại nhưng vẫn đảm bảo khả năng chiếu sáng hiệu quả nhất.  Bmw k1600b - 5  Mẫu xe Touring của hãng BMW được trang bị cụm đồng hồ hiển thị đa chức năng gồm màn hình TFT 5,7 Inch ở giữa hiển thị tốc độ, vòng tua, thông báo và các thông số liên quan đến xe. Xung quanh bao gồm 2 hộc chứa đồ nhỏ, 2 loa âm thanh giải trí, chỗ gắn màn hình định vị và cổng kết nối điện thoại.  Bmw k1600b - 6  K1600B của BMW trang bị cụm công tắc hiển thị đầy đủ các nút chức năng một cách thuận tiện giúp người dùng dễ dàng thao tác khi đang vận hành như các nút chức năng chỉnh ga tự động, nâng/hạ kính chắn gió, số lùi, núm xoay để điều chỉnh các thông số.  Bmw k1600b - 7  Ngoài những công nghệ căn bản và các hệ thống điện can thiệp thì BMW K1600B 2023 còn có nhiều hệ thống bổ trợ khác như đồng hồ GPS định vị trên chuyến đi, lẫy chuyển số tự động Shift Assistant Pro trên tay lái tích hợp số lùi, sưởi ấm bao tay, công tắc điều chỉnh gương hậu kết hợp với gương điện chủ động, hệ thống hỗ trợ chống lật, kiểm soát khởi động leo núi, kiểm soát áp suất lốp.   Nhằm phục vụ những chuyến đi xa, mẫu xe mô tô BMW K1600 B được trang bị bình xăng dung tích lớn 7 gallon (34 lít). Phía trên bìnnh xăng là hệ thống chìa khóa thông minh Smartkey khởi động bằng nút bấm, nắp bình xăng chỉ cần mở chốt khi chìa khoá ở gần. Phần chìa phụ để khoá/mở 2 thùng chứa đồ phía sau.  Bmw k1600b - 8  Nhằm giúp tăng khả năng chiếu sáng cho người lái ở những cung đường và thởi tiết khác nhau, hãng xe BMW đã trang bị hệ thống đèn trợ sáng LED tích hợp ở 2 bên yếm khá tiện lợi.  Bmw k1600b - 9  Thiết kế đuôi sau của BMW K1600 2023 khá độc đáo với hệ thống đèn hậu, đèn Stop và đèn xi nhan được tích hợp vào thùng đồ ở hai bên nhằm giúp người đi phía sau chú ý hơn. Ngoài ra ở giữa đuôi xe còn có logo của hãng BMW khá nổi bật nếu nhìn từ xa.  Bmw k1600b - 10  Hệ thống sạc đa năng được tích hợp ở cả phía trước cho người lái và sau cho hành khách.  Bmw k1600b - 11  Chức năng sưởi ghế 2 chế độ gắn trên thùng đồ bên phải.  Bmw k1600b - 12  Vị trí ngồi lái với bệ để chân khá lớn đưa về trước theo như nguyên mẫu thiết kế dòng xe Cruiser tạo cảm giác thoải mái nhất và không bị tê buốt khi ngồi lâu.  Bmw k1600b - 13  Với gầm xe được hạ thấp xuống 7,1 cm, loại bỏ thùng đồ chính giữa phía sau kết hợp với hệ thống ống pô to được đặt gọn gàng ẩn dưới hai thùng đồ phía sau nhằm đem lại tổng thể rất hoàn hảo nhưng đậm chất dân chơi.  Bmw k1600b - 14  Được coi là mẫu xe cao cấp nhất của BMW Mottorad, xe Moto K1600B mới 2023 được trang bị hệ thống phuộc treo kép Duolever phía trước Dynamic ESA với 2 chế độ giảm chấn cài đặt sẵn là Road và Cruise, phía sau sử dụng phuộc Monosock Paralever. Với chế độ Cruiser giúp mang lại cảm giác tốc độ “rất ngọt”, làm mềm hệ thống treo khi xe chạy ở tốc độ thấp, giữ xe ổn định. Chế độ Road làm tăng sức kéo, giảm xóc tốt.  Bmw k1600b - 15  BMW K1600B cũng được trang bị hệ thống thắng đĩa kép 320mm phía trước kết hợp heo dầu 4 Piston. Phía sau sử dụng phanh đĩa đơn đường kính 320mm, heo dầu 2 Piston, hệ thống chống bó cứng phanh ABS Pro 2 kênh là trang bị tiêu chuẩn theo xe'),
(47, 'TRIUMPH BONNEVILLE BOBBER 2017', 'TRIUMPH BONNEVILLE BOBBER 2017.jpg', 569000000, 540000000, 6, 5, 1, 'Triumph Bonneville Bobber 2017 | Giá xe Triumph Bobber 2017 | Giá xe Triumph Bonneville Bobber 2017 mới nhất tại Việt Nam  Triumph Bonneville Bobber 2017 thuộc dòng môtô trong dãi sản phẩm modern classic của Triumph. Xe lấy cảm hứng từ dòng bobber của Mỹ phổ biến thập niên 1930 và được hãng xe Anh Quốc ra mắt tại Triển lãm EICMA Italia tháng 11/2016. Triumph Bobber 2017 được phân phối chính hãng đã đáp máy bay từ Châu Âu về Việt Nam,mức giá xe Triumph Bonneville Bobber 2017 là 569.000.000 triệu đồng (đã bao gồm VAT, chưa có phí trước bạ và biển số) tại Việt Nam, với 2 phiên bản màu sắc là Xanh/Ghi (Stunning Competition Green & Frozen Silver) và Đỏ nhung (Morello Red). Chữ “Bobber” trên thân xe được viết cách điệu theo đúng chất của ngôn ngữ thiết kế xe  Triumph bonneville bobber 2017 - 1  Triumph Bonneville Bobber 2017 tại thị trường Việt Nam  Triumph nổi tiếng với những mẫu xe giữ lại nét hoài cổ truyền thống của thế kỷ 20. Bonneville Bobber 2017 là một phần trong bức tranh đó. Mẫu xe chia sẻ kỹ thuật từ dòng Bonneville T120, nhưng sở hữu đặc điểm riêng, thấp hơn, cơ bắp hơn, nhỏ gọn hơn, và đặc thù hơn với những chi tiết không lạc đi đâu của một chiếc bobber thực thụ. Với một số đường nét thiết kế cổ điển thường bắt gặp trên các mẫu xe của Mỹ như Harley-Davidson hay Indian…, một điều khá ngạc nhiên với “truyền thống” bảo thủ của người Anh.   Ở Triumph Bonneville Bobber 2017 không thể tìm thấy bất cứ chi tiết sắc cạnh thể thao nào vì mọi thứ đều thể hiện sự mềm mại và cổ điển. Đèn pha halogen và xi-nhan LED tròn trĩnh. Đèn hậu hình con thoi đặc trưng của thương hiệu Triumph. Đồng hồ tròn hiển thị kết hợp dạng analog và LCD. Có thể nói, Bonneville Bobber là mảnh ghép hoàn thiện bộ 3 phong cách cổ điển từng là trào lưu và phát triển đến tầm văn hóa trong giới chơi xe ở thế kỉ XX: roadster cổ điển, cafe racer và bobber. Một chiếc xe Anh mang hồn Mỹ.  Triumph bonneville bobber 2017 - 2  Khung xe Triumph Bonneville Bobber 2017 mới cũng tạo cho xe có vẻ bề ngoài giống mẫu Speed Twin 1951, với giảm xóc được giấu bên dưới yên, nên xe có hình thức như dòng khung cứng – “hard-tail” (không có giảm xóc sau). Một điểm mới nữa là bộ khung xe được thiết kế riêng cho bản Bobber này, để phù hợp với thiết kế yên đơn và kích thước nhỏ hơn các xe Bobber truyền thống.  Triumph bonneville bobber 2017 - 3  Không như những dòng xe thể thao, tay lái của Bonneville Bobber 2017 rộng, đạt 800 mm lớn hơn nhiều so với các dòng sportbike hay cafe racer nhưng lại là kích thước đặc trưng của bobber, với gương gù gắn ở 2 đầu tay nắm. Xe có trọng lượng 228 kg, chiều cao yên ở mức thấp 690 mm. Họa tiết trên bình xăng do nghệ nhân vẽ bằng tay, dung tích 9,1 lít. Xuyên suốt thân xe sử dụng nhiều vật liệu kim loại sáng, và hầu hết đều được mài dũa thủ công.  Triumph bonneville bobber 2017 - 4  Bonneville Bobber 2017 mang vẻ cá tính với phần đầu xe thiết kế gọn gàng. Cụm đèn pha và đèn xinhan dạng tròn mang nét cổ điển. Đèn pha halogen dạng bóng tròn với logo chữ T (viết tắt của Triumph) giống như nhiều mẫu xe Triumph khác.  Triumph bonneville bobber 2017 - 5  Đồng hồ analog hiển thị cỡ lớn, thiết kế tròn kiểu cổ điển với các thông số vận tốc, vòng tua máy. Đi kèm với đó là một màn hình LCD nhỏ hiển thị hành trình, mức nhiên liệu. Cùm công tắc bên trái, Tay ga điện Ride-by-Wire.  Triumph bonneville bobber 2017 - 6  Gương chiếu hậu gắn ngay ở tay lái.  Triumph bonneville bobber 2017 - 7  Đập ngay vào mắt người đối diện chính là thiết kế bình xăng hình “hạt đậu” quen thuộc có dung tích 9,1 lít, hài hòa với bộ khung cứng (bobber hardtail) kết hợp hệ thống giảm xóc “núp bóng” sau yên đơn.  Triumph bonneville bobber 2017 - 8  Logo Triumph được đính khá tinh tế ở sau yên xe. Thiết kế yên xe solo kiểu cách. Yên xe Triumph Bobber có thể tăng chỉnh chiều cao, giúp thay đổi tư thế ngồi lái phù hợp với chiều cao của người cầm lái. Cụm đèn phía sau thiết kế đơn giản với đèn hậu hình elip bất đối xứng, đèn xi-nhan tròn đơn giản cùng màu với cặp xi-nhan phía trước. Đế gắn biển số được đặt gọn gàng ngay dưới cụm đèn hậu.  Triumph bonneville bobber 2017 - 9  Triumph Bonneville Bobber 2017 được trang bị khối động cơ SOHC, 8 van, 2 xy lanh, làm mát dung dịch, sản sinh công suất cực đại 77 mã lực tại 6.100 v/ph, mô men xoắn cực đại 106 Nm tại 4.000 v/ph. Đi kèm là hộp số 6 cấp. Mức tiêu hao nhiên liệu cho mỗi 100 km là 4,1 lít. Xe đáp ứng tiêu chuẩn khí thải Euro4.  Triumph bonneville bobber 2017 - 10  Ngoài ra, Triumph Bonneville Bobber cũng được tích hợp các công nghệ mới của hãng như: Chế độ lái (Road & Rain), Traction Control có thể điều chỉnh, hệ thống ABS an toàn và Torque Assist Clutch.  Hệ thống ống xả trên xe Bonneville Bobber 2017 mang kiểu dáng \"2 into 2 twin-skin\" dẫn luồng khí xả từ 2 đường xả tụ hồi rồi lại chia ra 2 bên lon pô đặt phía sau xe. Đây chính là thiết kế đem lại chất tiếng cổ điển đặc trưng của Bonneville Bobber. Bộ phận nạp và xả cũng đã được cải tiến để tăng công suất động cơ, cùng ống xả đuôi vát mới nhẹ hơn, ngắn hơn loại dùng cho xe T120.  Triumph bonneville bobber 2017 - 11  Phía trước là phuộc ống lồng hành trình 90 mm với vỏ bọc cao su, một nét đặc trưng của thế kỷ trước. La-zăng 19 inch, đĩa phanh 310 mm, cùm phanh 2 piston.  Triumph bonneville bobber 2017 - 12  Phía sau là giảm xóc monoshock ẩn dưới yên xe hình hạt đậu, la-zăng 16 inch và đĩa phanh 255 mm.');
INSERT INTO `sanpham` (`id_sanpham`, `tensp`, `anhsanpham`, `giasanpham`, `gia_nhap`, `id_nhacungcap`, `id_hangsp`, `id_loaisp`, `mota_sp`) VALUES
(48, 'TRIUMPH STREET TWIN', 'TRIUMPH STREET TWIN.jpg', 310000000, 298000000, 6, 5, 1, 'Triumph Street Twin | Giá xe Triumph Street Twin | Giá xe Street Twin 2022 mới nhất tại Việt Nam  Triumph Street Twin thuộc dòng Bonneville nhưng mang thiết kế hiện đại nhất so với các phiên bản khác chính thức được ra mắt toàn cầu từ cuối năm ngoái tại Tây Ban Nha. Triumph Street Twin 2022 vừa mang dáng vẻ cổ điển truyền thống vừa mang sự hiện đại khi được tích hợp công nghệ tiên tiến nhất như hệ thống phanh ABS trước sau, công nghệ kiểm soát lực bám đường, an toàn chống trộm immobiliser….  Triumph street twin - 1  Triumph Street Twin vừa đươc phân phối chính hãng tại Việt Nam  Vào ngày 23/9/2017, Triumph Street Twin được chính thức bán tại Việt Nam thông qua đại lý chính hãng Triumph Motorcycles. Trong loạt sản phẩm mới, Street Twin 2022 nổi bật với giá bán 310.000.000 VNĐ (đã bao gồm VAT, chưa có phí trước bạ và biển) với tuỳ chọn 5 màu sắc sơn khác nhau và 3 bộ kit đẹp mắt là Urban, Scrambler và Brat Tracker. Triumph Street Twin 2022 có sức hút từ kiểu dáng gồm những nét riêng của dòng Moto Roadster vừa đĩnh đạc vững vàng vừa phóng khoáng mạnh mẽ được xem là đối thủ nặng ký của Ducati Scambler,   Triumph Street Twin sở hữu vẻ ngoài mang hơi hướng hiện đại nhất so với các phiên bản khác thuộc dòng Bonneville. Street Twin 2022 vẫn giữ nguyên kiểu dáng so với thế hệ trước nhưng được tùy chỉnh các công ngfhệ bên trong đi cùng khung sườn độc đáo có chiều dài 2.090, rộng 785 và cao 1.114  (mm, khoảng gầm thấp với độ cao yên xe chỉ 750mm, kết hợp cùng hệ thống điều chỉnh bướm ga ride-by-wire, khả năng kiểm soát khí động học thông minh và phanh ABS tiêu chuẩn cho phép chiếc mô tô mới này di chuyển linh hoạt qua nhiều địa hình.  Triumph street twin - 2  Triumph Street Twin sử dụng khối động cơ dung tích 900cc mạnh mẽ với 2 xylanh thẳng hàng, SOHC 270° crank angle và 5 cấp số, xe làm mát bằng dung dịch, với công suất 64 mã lực tại vòng tua máy 7.500 vòng/phút kết hợp với hệ thống ly hợp chống trượt bánh xe khi chuyển số Slip-Assist Clutch giúp Street Twin 2022 cải thiện hơn 22% công suất sản sinh và 18% chất lượng vòng tua máy.  Triumph street twin - 3  Triumph Street Twin sở hữu các chi tiết retro đáng kể như đèn pha tròn pha cỡ lớn mang phong cách cổ điển ăn khớp với ngoại hình bệ vệ của xe với viền xi mạ ở phần đầu xe, cặp xi nhan hình “quả trứng”. Tay lái rộng, thẳng được tinh chỉnh sao cho phần đầu xe lầm lỳ và mạnh mẽ chứ không xô về phía trước cùng cặp gương chiếu hậu tròn.  Triumph street twin - 4  Street Twin 2022 với xu hướng cổ điển hóa nên thiết kế đồng hồ công tơ mét kiểu tròn đơn, lớn kết hợp giữa kiểu truyền thống Analog màn hình LCD điện tử để hiển thị vận tốc xe lượng nhiên liệu, hành trình... Các đèn báo rẽ, chế độ pha hay nút N (về mo) được tách biệt khỏi đồng hồ hiển thị. Đồng thời được trang bị 2 chế độ lái: Rain (Dành cho đường mưa trơn trượt, tay ga bớt nhạy tránh trượt bánh) và Road (xe đạt công suất tối đa 100%).   Triumph street twin - 5  Tay lái của Triumph Street Twin khá đơn giản với các nút điều khiển xi-nhan, còi bên trái. Bên phải là nút khởi động cùng khóa điện  Triumph street twin - 6  Triumph Street Twin sử dụng bình xăng có dung tích 12 lít với thiết kế thuôn và lõm vào hai bên đầu gối người lái tạo dáng vẻ thanh mảnh cho xe.  Triumph street twin - 7  Street Twin 2022 thiết kế đèn LED ở đuôi xe hình oval kết hợp kiểu yên liền khối dài và êm ái không có tay bám phía sau đúng với phong cách tổng thể của xe đem lại thoái mái cho người sử dụng khi phải di chuyển đường dài.  Triumph street twin - 8  Triumph Street Twin 2022 được trang bị cặp vành đúc thể thao và mạnh mẽ phù hợp với dáng vẻ tuy cổ điển những vẫn không kém phần trẻ trung. Đặc biệt ở các phiên bản phối hai màu, cặp vành còn nổi bật bời đường chỉ đỏ ấn tượng.  Triumph street twin - 9  Street Twin 2022 sử dụng cặp phuộc trước có đường kính 41mm của Kayaba, hành trình 4.7 inches, phần phuộc trước được bọc bằng ống cao su ruột gà. Cặp phuộc sau cũng của Kayaba có thể tăng chỉnh, hành trình 4.7 inches. Kích cỡ lốp trước 100/90-18 (Mâm 18inch), lốp sau 150/70 R17 (mâm 17inch).');

-- --------------------------------------------------------

--
-- Cấu trúc bảng cho bảng `taikhoan_admin`
--

CREATE TABLE `taikhoan_admin` (
  `id_admin` int(10) NOT NULL,
  `tendangnhap_ad` int(50) NOT NULL,
  `matkhau_ad` int(50) NOT NULL
) ENGINE=InnoDB DEFAULT CHARSET=utf8 COLLATE=utf8_unicode_ci;

-- --------------------------------------------------------

--
-- Cấu trúc bảng cho bảng `taikhoan_ngdung`
--

CREATE TABLE `taikhoan_ngdung` (
  `idnd` int(10) NOT NULL,
  `username` varchar(20) NOT NULL,
  `password` varchar(50) NOT NULL,
  `phanquyen` int(5) NOT NULL
) ENGINE=InnoDB DEFAULT CHARSET=utf8 COLLATE=utf8_unicode_ci;

--
-- Đang đổ dữ liệu cho bảng `taikhoan_ngdung`
--

INSERT INTO `taikhoan_ngdung` (`idnd`, `username`, `password`, `phanquyen`) VALUES
(1, 'loc', '827ccb0eea8a706c4c34a16891f84e7b', 0),
(2, 'ngulot1s', '202cb962ac59075b964b07152d234b70', 1),
(3, 'vanloc1', '827ccb0eea8a706c4c34a16891f84e7b', 1),
(4, 'alo', '202cb962ac59075b964b07152d234b70', 1);

-- --------------------------------------------------------

--
-- Cấu trúc bảng cho bảng `tbl_donvi`
--

CREATE TABLE `tbl_donvi` (
  `iddv` int(11) NOT NULL,
  `TenDV` varchar(150) NOT NULL,
  `DiaChi` varchar(255) NOT NULL,
  `DienThoai` varchar(40) NOT NULL,
  `MST` varchar(30) NOT NULL,
  `Email` varchar(255) NOT NULL,
  `Website` varchar(200) NOT NULL
) ENGINE=InnoDB DEFAULT CHARSET=utf8 COLLATE=utf8_unicode_ci;

--
-- Đang đổ dữ liệu cho bảng `tbl_donvi`
--

INSERT INTO `tbl_donvi` (`iddv`, `TenDV`, `DiaChi`, `DienThoai`, `MST`, `Email`, `Website`) VALUES
(1, 'Công ty TNHH Truyền Thông Số', '250 Nguyễn Tất - Liên Chiểu - Đà Nẵng', '0333 933 933 /  0956 956 956', '04872652442', 'webike@gmail.com', 'http://wwww.webike250.com');

-- --------------------------------------------------------

--
-- Cấu trúc bảng cho bảng `thongtinkhachhang`
--

CREATE TABLE `thongtinkhachhang` (
  `id_kh` int(10) NOT NULL,
  `tenkhachhang` text NOT NULL,
  `sodienthoai` varchar(10) NOT NULL,
  `email_kh` varchar(255) DEFAULT NULL,
  `cancuoccongdan_kh` varchar(12) NOT NULL,
  `diachi_kh` text NOT NULL,
  `phuongThuc_TT` varchar(255) NOT NULL,
  `time` datetime(6) NOT NULL
) ENGINE=InnoDB DEFAULT CHARSET=utf8 COLLATE=utf8_unicode_ci;

--
-- Đang đổ dữ liệu cho bảng `thongtinkhachhang`
--

INSERT INTO `thongtinkhachhang` (`id_kh`, `tenkhachhang`, `sodienthoai`, `email_kh`, `cancuoccongdan_kh`, `diachi_kh`, `phuongThuc_TT`, `time`) VALUES
(26, 'Thanh Tân', '908937284', 'bubu@gmail.com', '093777279492', '81 tam Anh Nam', 'Thanh toán khi nhận hàng', '2023-06-06 20:40:12.000000'),
(27, 'Ma Văn Bu', '908937284', 'hda@gmail.com', '093777279492', '136 Nguyễn Chánh', 'Thanh toán online', '2023-06-06 20:40:52.000000');

-- --------------------------------------------------------

--
-- Cấu trúc bảng cho bảng `thongtinsanpham`
--

CREATE TABLE `thongtinsanpham` (
  `id_sp_mua` int(11) NOT NULL,
  `ten_sp_mua` varchar(255) NOT NULL,
  `anh_sp_mua` varchar(255) NOT NULL,
  `id_sp` int(11) NOT NULL,
  `id_kh` int(11) NOT NULL,
  `gia_sp_mua` int(11) NOT NULL
) ENGINE=InnoDB DEFAULT CHARSET=utf8 COLLATE=utf8_unicode_ci;

--
-- Đang đổ dữ liệu cho bảng `thongtinsanpham`
--

INSERT INTO `thongtinsanpham` (`id_sp_mua`, `ten_sp_mua`, `anh_sp_mua`, `id_sp`, `id_kh`, `gia_sp_mua`) VALUES
(35, 'NIGHTSTER', 'Nightster.png', 23, 26, 579000000),
(36, 'SUPERLEGGERA V4', 'SUPERLEGGERA V4.jpg', 26, 26, 2147483647),
(37, 'KAWASAKI NINJA ZX-10R', 'KAWASAKI NINJA ZX-10R.jpg', 29, 26, 729000000),
(38, 'SH 2023', 'SH 2023.jpg', 35, 27, 75290000),
(39, 'HONDA CBR1000RR FIREBLADE', 'cbr1000rr.jpg', 31, 27, 560000000);

--
-- Chỉ mục cho các bảng đã đổ
--

--
-- Chỉ mục cho bảng `giohangnd`
--
ALTER TABLE `giohangnd`
  ADD PRIMARY KEY (`id_giohang`,`id_sanpham`),
  ADD KEY `id_sanpham` (`id_sanpham`);

--
-- Chỉ mục cho bảng `hangsp`
--
ALTER TABLE `hangsp`
  ADD PRIMARY KEY (`id_hangsp`);

--
-- Chỉ mục cho bảng `hoadon`
--
ALTER TABLE `hoadon`
  ADD PRIMARY KEY (`id_hd`),
  ADD KEY `id_kh` (`id_kh`);

--
-- Chỉ mục cho bảng `loaisp`
--
ALTER TABLE `loaisp`
  ADD PRIMARY KEY (`id_loaisp`);

--
-- Chỉ mục cho bảng `nhacungcap`
--
ALTER TABLE `nhacungcap`
  ADD PRIMARY KEY (`id_nhacungcap`);

--
-- Chỉ mục cho bảng `sanpham`
--
ALTER TABLE `sanpham`
  ADD PRIMARY KEY (`id_sanpham`),
  ADD KEY `id_loaisp` (`id_loaisp`),
  ADD KEY `id_nhacungcap` (`id_nhacungcap`,`id_hangsp`);

--
-- Chỉ mục cho bảng `taikhoan_admin`
--
ALTER TABLE `taikhoan_admin`
  ADD PRIMARY KEY (`id_admin`);

--
-- Chỉ mục cho bảng `taikhoan_ngdung`
--
ALTER TABLE `taikhoan_ngdung`
  ADD PRIMARY KEY (`idnd`,`username`);

--
-- Chỉ mục cho bảng `tbl_donvi`
--
ALTER TABLE `tbl_donvi`
  ADD PRIMARY KEY (`iddv`);

--
-- Chỉ mục cho bảng `thongtinkhachhang`
--
ALTER TABLE `thongtinkhachhang`
  ADD PRIMARY KEY (`id_kh`);

--
-- Chỉ mục cho bảng `thongtinsanpham`
--
ALTER TABLE `thongtinsanpham`
  ADD PRIMARY KEY (`id_sp_mua`),
  ADD KEY `id_sp` (`id_sp`,`id_kh`);

--
-- AUTO_INCREMENT cho các bảng đã đổ
--

--
-- AUTO_INCREMENT cho bảng `hangsp`
--
ALTER TABLE `hangsp`
  MODIFY `id_hangsp` int(11) NOT NULL AUTO_INCREMENT, AUTO_INCREMENT=11;

--
-- AUTO_INCREMENT cho bảng `hoadon`
--
ALTER TABLE `hoadon`
  MODIFY `id_hd` int(10) NOT NULL AUTO_INCREMENT, AUTO_INCREMENT=10;

--
-- AUTO_INCREMENT cho bảng `loaisp`
--
ALTER TABLE `loaisp`
  MODIFY `id_loaisp` int(11) NOT NULL AUTO_INCREMENT, AUTO_INCREMENT=22;

--
-- AUTO_INCREMENT cho bảng `sanpham`
--
ALTER TABLE `sanpham`
  MODIFY `id_sanpham` int(11) NOT NULL AUTO_INCREMENT, AUTO_INCREMENT=49;

--
-- AUTO_INCREMENT cho bảng `taikhoan_ngdung`
--
ALTER TABLE `taikhoan_ngdung`
  MODIFY `idnd` int(10) NOT NULL AUTO_INCREMENT, AUTO_INCREMENT=5;

--
-- AUTO_INCREMENT cho bảng `tbl_donvi`
--
ALTER TABLE `tbl_donvi`
  MODIFY `iddv` int(11) NOT NULL AUTO_INCREMENT, AUTO_INCREMENT=2;

--
-- AUTO_INCREMENT cho bảng `thongtinkhachhang`
--
ALTER TABLE `thongtinkhachhang`
  MODIFY `id_kh` int(10) NOT NULL AUTO_INCREMENT, AUTO_INCREMENT=28;

--
-- AUTO_INCREMENT cho bảng `thongtinsanpham`
--
ALTER TABLE `thongtinsanpham`
  MODIFY `id_sp_mua` int(11) NOT NULL AUTO_INCREMENT, AUTO_INCREMENT=40;
COMMIT;

/*!40101 SET CHARACTER_SET_CLIENT=@OLD_CHARACTER_SET_CLIENT */;
/*!40101 SET CHARACTER_SET_RESULTS=@OLD_CHARACTER_SET_RESULTS */;
/*!40101 SET COLLATION_CONNECTION=@OLD_COLLATION_CONNECTION */;
